<?xml version="1.0" encoding="UTF-8"?>
<M3_Customer_List_Group_Content>
  <MetaInfo>
    <Date>2025-10-21</Date>
    <Time>06:24:14</Time>
    <UserID>CHRHEG96</UserID>
    <UserName>Christian Heggen</UserName>
    <Company>790</Company>
    <Division>AAA</Division>
    <FileName>INF BR CAT V_SCRIPT CONFIG.xml</FileName>
    <Version>1.0</Version>
    <Description></Description>
    <DependencyDescription></DependencyDescription></MetaInfo>
  <Content>
    <Check>
      <APIProgram>CMS010MI</APIProgram>
      <Transaction>CheckSortOption</Transaction>
      <Fields>
        <Q8FILE>CUGEX1</Q8FILE>
        <Q8SOPT>00</Q8SOPT>
        <Q8KEY1>F1FILE</Q8KEY1>
        <Q8KEY2>F1PK01</Q8KEY2>
        <Q8KEY3>F1PK02</Q8KEY3>
        <Q8KEY4>F1PK03</Q8KEY4>
        <Q8KEY5>F1PK04</Q8KEY5>
        <Q8KEY6>F1PK05</Q8KEY6>
        <Q8KEY7>F1PK06</Q8KEY7>
        <Q8KEY8>F1PK07</Q8KEY8>
        <Q8KEY9>F1PK08</Q8KEY9></Fields></Check>
    <Check>
      <APIProgram>CMS010MI</APIProgram>
      <Transaction>CheckSortOption</Transaction>
      <Fields>
        <Q8FILE>CUGEX1</Q8FILE>
        <Q8SOPT>10</Q8SOPT>
        <Q8KEY1>F1FILE</Q8KEY1>
        <Q8KEY2>F1PK02</Q8KEY2>
        <Q8KEY3>F1PK01</Q8KEY3>
        <Q8KEY4>F1PK03</Q8KEY4>
        <Q8KEY5>F1PK04</Q8KEY5>
        <Q8KEY6>F1PK05</Q8KEY6>
        <Q8KEY7>F1PK06</Q8KEY7>
        <Q8KEY8>F1PK07</Q8KEY8>
        <Q8KEY9>F1PK08</Q8KEY9></Fields></Check>
    <Check>
      <APIProgram>CMS010MI</APIProgram>
      <Transaction>CheckSortOption</Transaction>
      <Fields>
        <Q8FILE>CUGEX1</Q8FILE>
        <Q8SOPT>20</Q8SOPT>
        <Q8KEY1>F1FILE</Q8KEY1>
        <Q8KEY2>F1PK03</Q8KEY2>
        <Q8KEY3>F1PK01</Q8KEY3>
        <Q8KEY4>F1PK02</Q8KEY4>
        <Q8KEY5>F1PK04</Q8KEY5>
        <Q8KEY6>F1PK05</Q8KEY6>
        <Q8KEY7>F1PK06</Q8KEY7>
        <Q8KEY8>F1PK07</Q8KEY8>
        <Q8KEY9>F1PK08</Q8KEY9></Fields></Check>
    <Check>
      <APIProgram>CMS010MI</APIProgram>
      <Transaction>CheckSortOption</Transaction>
      <Fields>
        <Q8FILE>CUGEX1</Q8FILE>
        <Q8SOPT>30</Q8SOPT>
        <Q8KEY1>F1FILE</Q8KEY1>
        <Q8KEY2>F1PK04</Q8KEY2>
        <Q8KEY3>F1PK01</Q8KEY3>
        <Q8KEY4>F1PK02</Q8KEY4>
        <Q8KEY5>F1PK03</Q8KEY5>
        <Q8KEY6>F1PK05</Q8KEY6>
        <Q8KEY7>F1PK06</Q8KEY7>
        <Q8KEY8>F1PK07</Q8KEY8>
        <Q8KEY9>F1PK08</Q8KEY9></Fields></Check>
    <Check>
      <APIProgram>CMS010MI</APIProgram>
      <Transaction>CheckSortOption</Transaction>
      <Fields>
        <Q8FILE>CUGEX1</Q8FILE>
        <Q8SOPT>X1</Q8SOPT>
        <Q8KEY1>F1FILE</Q8KEY1>
        <Q8KEY2>F1PK01</Q8KEY2>
        <Q8KEY3>F1PK02</Q8KEY3>
        <Q8KEY4>F1PK03</Q8KEY4>
        <Q8KEY5>F1PK04</Q8KEY5>
        <Q8KEY6>F1PK05</Q8KEY6>
        <Q8KEY7>F1PK06</Q8KEY7>
        <Q8KEY8>F1PK07</Q8KEY8>
        <Q8KEY9>F1PK08</Q8KEY9></Fields></Check>
    <Check>
      <APIProgram>CMS010MI</APIProgram>
      <Transaction>CheckSortOption</Transaction>
      <Fields>
        <Q8FILE>CUGEX1</Q8FILE>
        <Q8SOPT>X2</Q8SOPT>
        <Q8KEY1>F1FILE</Q8KEY1>
        <Q8KEY2>F1PK01</Q8KEY2>
        <Q8KEY3>F1PK02</Q8KEY3>
        <Q8KEY4>F1PK03</Q8KEY4>
        <Q8KEY5>F1PK04</Q8KEY5>
        <Q8KEY6>F1PK05</Q8KEY6>
        <Q8KEY7>F1PK06</Q8KEY7>
        <Q8KEY8>F1PK07</Q8KEY8>
        <Q8KEY9>F1PK08</Q8KEY9></Fields></Check>
    <Delete>
      <APIProgram>CMS010MI</APIProgram>
      <Transaction>DelInfoCat</Transaction>
      <Fields>
        <Q1IBCA>V_SCRIPT2</Q1IBCA></Fields></Delete>
    <Add>
      <APIProgram>CMS010MI</APIProgram>
      <Transaction>ImportInfoCat</Transaction>
      <Fields>
        <Q7IBCA>V_SCRIPT2</Q7IBCA>
        <Q7TX40>Script Configuration Info</Q7TX40>
        <Q7TX15>V_SCRIPT2</Q7TX15>
        <Q7FILE>CUGEX1</Q7FILE>
        <Q7UBPG>CMS100</Q7UBPG>
        <Q7SNDU>0</Q7SNDU>
        <Q7AGGU>0</Q7AGGU>
        <Q7PRLI>0</Q7PRLI></Fields></Add>
    <Add>
      <APIProgram>MNS120MI</APIProgram>
      <Transaction>Add</Transaction>
      <Fields>
        <Q0FILE>CUGEX1</Q0FILE>
        <Q0RFMT>          </Q0RFMT>
        <Q0FTYP>P</Q0FTYP>
        <Q0SEQ1>0</Q0SEQ1>
        <Q0MXKL>0</Q0MXKL>
        <Q0BPGM>CMS100</Q0BPGM>
        <Q0TX40>Customer generic extension table 1</Q0TX40>
        <Q0TX15>Customer generi</Q0TX15></Fields></Add>
    <Add>
      <APIProgram>MNS120MI</APIProgram>
      <Transaction>Supplement</Transaction>
      <Fields>
        <Q7FILE>CUGEX1</Q7FILE>
        <Q7BPGM>CMS100</Q7BPGM></Fields></Add>
    <Add>
      <APIProgram>CMS011MI</APIProgram>
      <Transaction>AddFields</Transaction>
      <Fields>
        <Q5IBCA>V_SCRIPT2</Q5IBCA>
        <Q5MGRP></Q5MGRP>
        <Q5FILE>CUGEX1</Q5FILE>
        <Q5FIPX></Q5FIPX>
        <Q5FDI1>F1A030</Q5FDI1>
        <Q5FDI2>F1A121</Q5FDI2>
        <Q5FDI3>F1A122</Q5FDI3>
        <Q5FDI4>F1A130</Q5FDI4>
        <Q5FDI5>F1A230</Q5FDI5>
        <Q5FDI6>F1A256</Q5FDI6>
        <Q5FDI7>F1A330</Q5FDI7>
        <Q5FDI8>F1A430</Q5FDI8>
        <Q5FDI9>F1A530</Q5FDI9>
        <Q5FDIA>F1A630</Q5FDIA>
        <Q5FDB1>00030</Q5FDB1>
        <Q5FDB2>00120</Q5FDB2>
        <Q5FDB3>00120</Q5FDB3>
        <Q5FDB4>00030</Q5FDB4>
        <Q5FDB5>00030</Q5FDB5>
        <Q5FDB6>00256</Q5FDB6>
        <Q5FDB7>00030</Q5FDB7>
        <Q5FDB8>00030</Q5FDB8>
        <Q5FDB9>00030</Q5FDB9>
        <Q5FDBA>00030</Q5FDBA>
        <Q5OVM1></Q5OVM1>
        <Q5OVM2></Q5OVM2>
        <Q5OVM3></Q5OVM3>
        <Q5OVM4></Q5OVM4>
        <Q5OVM5></Q5OVM5>
        <Q5OVM6></Q5OVM6>
        <Q5OVM7></Q5OVM7>
        <Q5OVM8></Q5OVM8>
        <Q5OVM9></Q5OVM9>
        <Q5OVMA></Q5OVMA>
        <Q5OVN1></Q5OVN1>
        <Q5OVN2></Q5OVN2>
        <Q5OVN3></Q5OVN3>
        <Q5OVN4></Q5OVN4>
        <Q5OVN5></Q5OVN5>
        <Q5OVN6></Q5OVN6>
        <Q5OVN7></Q5OVN7>
        <Q5OVN8></Q5OVN8>
        <Q5OVN9></Q5OVN9>
        <Q5OVNA></Q5OVNA>
        <Q5MSF1></Q5MSF1>
        <Q5MSF2></Q5MSF2>
        <Q5MSF3></Q5MSF3>
        <Q5MSF4></Q5MSF4>
        <Q5MSF5></Q5MSF5>
        <Q5MSF6></Q5MSF6>
        <Q5MSF7></Q5MSF7>
        <Q5MSF8></Q5MSF8>
        <Q5MSF9></Q5MSF9>
        <Q5MSFA></Q5MSFA>
        <Q5RPBK>000</Q5RPBK></Fields></Add>
    <Add>
      <APIProgram>CMS011MI</APIProgram>
      <Transaction>AddFields</Transaction>
      <Fields>
        <Q5IBCA>V_SCRIPT2</Q5IBCA>
        <Q5MGRP></Q5MGRP>
        <Q5FILE>CUGEX1</Q5FILE>
        <Q5FIPX></Q5FIPX>
        <Q5FDI1>F1A730</Q5FDI1>
        <Q5FDI2>F1A830</Q5FDI2>
        <Q5FDI3>F1A930</Q5FDI3>
        <Q5FDI4>F1CHB1</Q5FDI4>
        <Q5FDI5>F1CHB2</Q5FDI5>
        <Q5FDI6>F1CHB3</Q5FDI6>
        <Q5FDI7>F1CHB4</Q5FDI7>
        <Q5FDI8>F1CHB5</Q5FDI8>
        <Q5FDI9>F1CHB6</Q5FDI9>
        <Q5FDIA>F1CHB7</Q5FDIA>
        <Q5FDB1>00030</Q5FDB1>
        <Q5FDB2>00030</Q5FDB2>
        <Q5FDB3>00030</Q5FDB3>
        <Q5FDB4>00001</Q5FDB4>
        <Q5FDB5>00001</Q5FDB5>
        <Q5FDB6>00001</Q5FDB6>
        <Q5FDB7>00001</Q5FDB7>
        <Q5FDB8>00001</Q5FDB8>
        <Q5FDB9>00001</Q5FDB9>
        <Q5FDBA>00001</Q5FDBA>
        <Q5OVM1></Q5OVM1>
        <Q5OVM2></Q5OVM2>
        <Q5OVM3></Q5OVM3>
        <Q5OVM4></Q5OVM4>
        <Q5OVM5></Q5OVM5>
        <Q5OVM6></Q5OVM6>
        <Q5OVM7></Q5OVM7>
        <Q5OVM8></Q5OVM8>
        <Q5OVM9></Q5OVM9>
        <Q5OVMA></Q5OVMA>
        <Q5OVN1></Q5OVN1>
        <Q5OVN2></Q5OVN2>
        <Q5OVN3></Q5OVN3>
        <Q5OVN4></Q5OVN4>
        <Q5OVN5></Q5OVN5>
        <Q5OVN6></Q5OVN6>
        <Q5OVN7></Q5OVN7>
        <Q5OVN8></Q5OVN8>
        <Q5OVN9></Q5OVN9>
        <Q5OVNA></Q5OVNA>
        <Q5MSF1></Q5MSF1>
        <Q5MSF2></Q5MSF2>
        <Q5MSF3></Q5MSF3>
        <Q5MSF4></Q5MSF4>
        <Q5MSF5></Q5MSF5>
        <Q5MSF6></Q5MSF6>
        <Q5MSF7></Q5MSF7>
        <Q5MSF8></Q5MSF8>
        <Q5MSF9></Q5MSF9>
        <Q5MSFA></Q5MSFA>
        <Q5RPBK>000</Q5RPBK></Fields></Add>
    <Add>
      <APIProgram>CMS011MI</APIProgram>
      <Transaction>AddFields</Transaction>
      <Fields>
        <Q5IBCA>V_SCRIPT2</Q5IBCA>
        <Q5MGRP></Q5MGRP>
        <Q5FILE>CUGEX1</Q5FILE>
        <Q5FIPX></Q5FIPX>
        <Q5FDI1>F1CHB8</Q5FDI1>
        <Q5FDI2>F1CHB9</Q5FDI2>
        <Q5FDI3>F1CHID</Q5FDI3>
        <Q5FDI4>F1CHNO</Q5FDI4>
        <Q5FDI5>F1DAT1</Q5FDI5>
        <Q5FDI6>F1DAT2</Q5FDI6>
        <Q5FDI7>F1DAT3</Q5FDI7>
        <Q5FDI8>F1DAT4</Q5FDI8>
        <Q5FDI9>F1DAT5</Q5FDI9>
        <Q5FDIA>F1DAT6</Q5FDIA>
        <Q5FDB1>00001</Q5FDB1>
        <Q5FDB2>00001</Q5FDB2>
        <Q5FDB3>00010</Q5FDB3>
        <Q5FDB4>00003</Q5FDB4>
        <Q5FDB5>00008</Q5FDB5>
        <Q5FDB6>00008</Q5FDB6>
        <Q5FDB7>00008</Q5FDB7>
        <Q5FDB8>00008</Q5FDB8>
        <Q5FDB9>00008</Q5FDB9>
        <Q5FDBA>00008</Q5FDBA>
        <Q5OVM1></Q5OVM1>
        <Q5OVM2></Q5OVM2>
        <Q5OVM3></Q5OVM3>
        <Q5OVM4></Q5OVM4>
        <Q5OVM5></Q5OVM5>
        <Q5OVM6></Q5OVM6>
        <Q5OVM7></Q5OVM7>
        <Q5OVM8></Q5OVM8>
        <Q5OVM9></Q5OVM9>
        <Q5OVMA></Q5OVMA>
        <Q5OVN1></Q5OVN1>
        <Q5OVN2></Q5OVN2>
        <Q5OVN3></Q5OVN3>
        <Q5OVN4></Q5OVN4>
        <Q5OVN5></Q5OVN5>
        <Q5OVN6></Q5OVN6>
        <Q5OVN7></Q5OVN7>
        <Q5OVN8></Q5OVN8>
        <Q5OVN9></Q5OVN9>
        <Q5OVNA></Q5OVNA>
        <Q5MSF1></Q5MSF1>
        <Q5MSF2></Q5MSF2>
        <Q5MSF3></Q5MSF3>
        <Q5MSF4></Q5MSF4>
        <Q5MSF5></Q5MSF5>
        <Q5MSF6></Q5MSF6>
        <Q5MSF7></Q5MSF7>
        <Q5MSF8></Q5MSF8>
        <Q5MSF9></Q5MSF9>
        <Q5MSFA></Q5MSFA>
        <Q5RPBK>000</Q5RPBK></Fields></Add>
    <Add>
      <APIProgram>CMS011MI</APIProgram>
      <Transaction>AddFields</Transaction>
      <Fields>
        <Q5IBCA>V_SCRIPT2</Q5IBCA>
        <Q5MGRP></Q5MGRP>
        <Q5FILE>CUGEX1</Q5FILE>
        <Q5FIPX></Q5FIPX>
        <Q5FDI1>F1DAT7</Q5FDI1>
        <Q5FDI2>F1DAT8</Q5FDI2>
        <Q5FDI3>F1DAT9</Q5FDI3>
        <Q5FDI4>F1DTID</Q5FDI4>
        <Q5FDI5>F1FILE</Q5FDI5>
        <Q5FDI6>F1LMDT</Q5FDI6>
        <Q5FDI7>F1LMTS</Q5FDI7>
        <Q5FDI8>F1MIGR</Q5FDI8>
        <Q5FDI9>F1N096</Q5FDI9>
        <Q5FDIA>F1N196</Q5FDIA>
        <Q5FDB1>00008</Q5FDB1>
        <Q5FDB2>00008</Q5FDB2>
        <Q5FDB3>00008</Q5FDB3>
        <Q5FDB4>00013</Q5FDB4>
        <Q5FDB5>00010</Q5FDB5>
        <Q5FDB6>00008</Q5FDB6>
        <Q5FDB7>00018</Q5FDB7>
        <Q5FDB8>00001</Q5FDB8>
        <Q5FDB9>00019</Q5FDB9>
        <Q5FDBA>00019</Q5FDBA>
        <Q5OVM1></Q5OVM1>
        <Q5OVM2></Q5OVM2>
        <Q5OVM3></Q5OVM3>
        <Q5OVM4></Q5OVM4>
        <Q5OVM5></Q5OVM5>
        <Q5OVM6></Q5OVM6>
        <Q5OVM7></Q5OVM7>
        <Q5OVM8></Q5OVM8>
        <Q5OVM9></Q5OVM9>
        <Q5OVMA></Q5OVMA>
        <Q5OVN1></Q5OVN1>
        <Q5OVN2></Q5OVN2>
        <Q5OVN3></Q5OVN3>
        <Q5OVN4></Q5OVN4>
        <Q5OVN5></Q5OVN5>
        <Q5OVN6></Q5OVN6>
        <Q5OVN7></Q5OVN7>
        <Q5OVN8></Q5OVN8>
        <Q5OVN9></Q5OVN9>
        <Q5OVNA></Q5OVNA>
        <Q5MSF1></Q5MSF1>
        <Q5MSF2></Q5MSF2>
        <Q5MSF3></Q5MSF3>
        <Q5MSF4></Q5MSF4>
        <Q5MSF5></Q5MSF5>
        <Q5MSF6></Q5MSF6>
        <Q5MSF7></Q5MSF7>
        <Q5MSF8></Q5MSF8>
        <Q5MSF9></Q5MSF9>
        <Q5MSFA></Q5MSFA>
        <Q5RPBK>000</Q5RPBK></Fields></Add>
    <Add>
      <APIProgram>CMS011MI</APIProgram>
      <Transaction>AddFields</Transaction>
      <Fields>
        <Q5IBCA>V_SCRIPT2</Q5IBCA>
        <Q5MGRP></Q5MGRP>
        <Q5FILE>CUGEX1</Q5FILE>
        <Q5FIPX></Q5FIPX>
        <Q5FDI1>F1N296</Q5FDI1>
        <Q5FDI2>F1N396</Q5FDI2>
        <Q5FDI3>F1N496</Q5FDI3>
        <Q5FDI4>F1N596</Q5FDI4>
        <Q5FDI5>F1N696</Q5FDI5>
        <Q5FDI6>F1N796</Q5FDI6>
        <Q5FDI7>F1N896</Q5FDI7>
        <Q5FDI8>F1N996</Q5FDI8>
        <Q5FDI9>F1PK01</Q5FDI9>
        <Q5FDIA>F1PK02</Q5FDIA>
        <Q5FDB1>00019</Q5FDB1>
        <Q5FDB2>00019</Q5FDB2>
        <Q5FDB3>00019</Q5FDB3>
        <Q5FDB4>00019</Q5FDB4>
        <Q5FDB5>00019</Q5FDB5>
        <Q5FDB6>00019</Q5FDB6>
        <Q5FDB7>00019</Q5FDB7>
        <Q5FDB8>00019</Q5FDB8>
        <Q5FDB9>00030</Q5FDB9>
        <Q5FDBA>00030</Q5FDBA>
        <Q5OVM1></Q5OVM1>
        <Q5OVM2></Q5OVM2>
        <Q5OVM3></Q5OVM3>
        <Q5OVM4></Q5OVM4>
        <Q5OVM5></Q5OVM5>
        <Q5OVM6></Q5OVM6>
        <Q5OVM7></Q5OVM7>
        <Q5OVM8></Q5OVM8>
        <Q5OVM9></Q5OVM9>
        <Q5OVMA></Q5OVMA>
        <Q5OVN1></Q5OVN1>
        <Q5OVN2></Q5OVN2>
        <Q5OVN3></Q5OVN3>
        <Q5OVN4></Q5OVN4>
        <Q5OVN5></Q5OVN5>
        <Q5OVN6></Q5OVN6>
        <Q5OVN7></Q5OVN7>
        <Q5OVN8></Q5OVN8>
        <Q5OVN9></Q5OVN9>
        <Q5OVNA></Q5OVNA>
        <Q5MSF1></Q5MSF1>
        <Q5MSF2></Q5MSF2>
        <Q5MSF3></Q5MSF3>
        <Q5MSF4></Q5MSF4>
        <Q5MSF5></Q5MSF5>
        <Q5MSF6></Q5MSF6>
        <Q5MSF7></Q5MSF7>
        <Q5MSF8></Q5MSF8>
        <Q5MSF9></Q5MSF9>
        <Q5MSFA></Q5MSFA>
        <Q5RPBK>000</Q5RPBK></Fields></Add>
    <Add>
      <APIProgram>CMS011MI</APIProgram>
      <Transaction>AddFields</Transaction>
      <Fields>
        <Q5IBCA>V_SCRIPT2</Q5IBCA>
        <Q5MGRP></Q5MGRP>
        <Q5FILE>CUGEX1</Q5FILE>
        <Q5FIPX></Q5FIPX>
        <Q5FDI1>F1PK03</Q5FDI1>
        <Q5FDI2>F1PK04</Q5FDI2>
        <Q5FDI3>F1PK05</Q5FDI3>
        <Q5FDI4>F1PK06</Q5FDI4>
        <Q5FDI5>F1PK07</Q5FDI5>
        <Q5FDI6>F1PK08</Q5FDI6>
        <Q5FDI7>F1RGDT</Q5FDI7>
        <Q5FDI8>F1RGTM</Q5FDI8>
        <Q5FDI9>F1TXID</Q5FDI9>
        <Q5FDIA></Q5FDIA>
        <Q5FDB1>00030</Q5FDB1>
        <Q5FDB2>00030</Q5FDB2>
        <Q5FDB3>00030</Q5FDB3>
        <Q5FDB4>00030</Q5FDB4>
        <Q5FDB5>00030</Q5FDB5>
        <Q5FDB6>00030</Q5FDB6>
        <Q5FDB7>00008</Q5FDB7>
        <Q5FDB8>00006</Q5FDB8>
        <Q5FDB9>00013</Q5FDB9>
        <Q5FDBA>00000</Q5FDBA>
        <Q5OVM1></Q5OVM1>
        <Q5OVM2></Q5OVM2>
        <Q5OVM3></Q5OVM3>
        <Q5OVM4></Q5OVM4>
        <Q5OVM5></Q5OVM5>
        <Q5OVM6></Q5OVM6>
        <Q5OVM7></Q5OVM7>
        <Q5OVM8></Q5OVM8>
        <Q5OVM9></Q5OVM9>
        <Q5OVMA></Q5OVMA>
        <Q5OVN1></Q5OVN1>
        <Q5OVN2></Q5OVN2>
        <Q5OVN3></Q5OVN3>
        <Q5OVN4></Q5OVN4>
        <Q5OVN5></Q5OVN5>
        <Q5OVN6></Q5OVN6>
        <Q5OVN7></Q5OVN7>
        <Q5OVN8></Q5OVN8>
        <Q5OVN9></Q5OVN9>
        <Q5OVNA></Q5OVNA>
        <Q5MSF1></Q5MSF1>
        <Q5MSF2></Q5MSF2>
        <Q5MSF3></Q5MSF3>
        <Q5MSF4></Q5MSF4>
        <Q5MSF5></Q5MSF5>
        <Q5MSF6></Q5MSF6>
        <Q5MSF7></Q5MSF7>
        <Q5MSF8></Q5MSF8>
        <Q5MSF9></Q5MSF9>
        <Q5MSFA></Q5MSFA>
        <Q5RPBK>000</Q5RPBK></Fields></Add>
    <Delete>
      <APIProgram>CRS020MI</APIProgram>
      <Transaction>DelPanelVersion</Transaction>
      <Fields>
        <Q4PGNM>CMS100</Q4PGNM>
        <Q4RESP></Q4RESP>
        <Q4PAVR>STD01-00</Q4PAVR>
        <Q4PIC1>B</Q4PIC1>
        <Q4IBCA>V_SCRIPT2</Q4IBCA></Fields></Delete>
    <Add>
      <APIProgram>CRS020MI</APIProgram>
      <Transaction>UpdPanelVerCol</Transaction>
      <Fields>
        <Q5PGNM>CMS100</Q5PGNM>
        <Q5IBCA>V_SCRIPT2</Q5IBCA>
        <Q5RESP></Q5RESP>
        <Q5PAVR>STD01-00</Q5PAVR>
        <Q5PIC1>B</Q5PIC1>
        <Q5TX40>Standard view for sorting order 1</Q5TX40>
        <Q5TX15>Std view srt 1</Q5TX15>
        <Q5QTTP>01</Q5QTTP>
        <Q5COID>01</Q5COID>
        <Q5FLDI>F1FILE</Q5FLDI>
        <Q5FLTY>A</Q5FLTY>
        <Q5MSID>WFI05C0</Q5MSID>
        <Q5FLDL>00010</Q5FLDL>
        <Q5FLLU>00000</Q5FLLU>
        <Q5FNDC>0</Q5FNDC>
        <Q5UNDC></Q5UNDC>
        <Q5ECDE></Q5ECDE>
        <Q5ECDU></Q5ECDU>
        <Q5SMFL>0</Q5SMFL>
        <Q5MXAV>0000000000000</Q5MXAV>
        <Q5SUMA>0</Q5SUMA>
        <Q5OMAX>0</Q5OMAX>
        <Q5SOSQ>000</Q5SOSQ>
        <Q5FDCA></Q5FDCA>
        <Q5DCNY>0</Q5DCNY>
        <Q5UDCN></Q5UDCN>
        <Q5EDFL>0</Q5EDFL>
        <Q5AGDR>00</Q5AGDR>
        <Q5AGUR>0</Q5AGUR>
        <Q5SUBR>2</Q5SUBR>
        <Q5DTFR></Q5DTFR>
        <Q5DCFM></Q5DCFM>
        <Q5DDBX>0</Q5DDBX>
        <Q5ATRA>0</Q5ATRA></Fields></Add>
    <Add>
      <APIProgram>CRS020MI</APIProgram>
      <Transaction>UpdPanelVerCol</Transaction>
      <Fields>
        <Q5PGNM>CMS100</Q5PGNM>
        <Q5IBCA>V_SCRIPT2</Q5IBCA>
        <Q5RESP></Q5RESP>
        <Q5PAVR>STD01-00</Q5PAVR>
        <Q5PIC1>B</Q5PIC1>
        <Q5TX40>Standard view for sorting order 1</Q5TX40>
        <Q5TX15>Std view srt 1</Q5TX15>
        <Q5QTTP>01</Q5QTTP>
        <Q5COID>02</Q5COID>
        <Q5FLDI>F1PK01</Q5FLDI>
        <Q5FLTY>A</Q5FLTY>
        <Q5MSID>WPK01C0</Q5MSID>
        <Q5FLDL>00030</Q5FLDL>
        <Q5FLLU>00000</Q5FLLU>
        <Q5FNDC>0</Q5FNDC>
        <Q5UNDC></Q5UNDC>
        <Q5ECDE></Q5ECDE>
        <Q5ECDU></Q5ECDU>
        <Q5SMFL>0</Q5SMFL>
        <Q5MXAV>0000000000000</Q5MXAV>
        <Q5SUMA>0</Q5SUMA>
        <Q5OMAX>0</Q5OMAX>
        <Q5SOSQ>000</Q5SOSQ>
        <Q5FDCA></Q5FDCA>
        <Q5DCNY>0</Q5DCNY>
        <Q5UDCN></Q5UDCN>
        <Q5EDFL>0</Q5EDFL>
        <Q5AGDR>00</Q5AGDR>
        <Q5AGUR>0</Q5AGUR>
        <Q5SUBR>0</Q5SUBR>
        <Q5DTFR></Q5DTFR>
        <Q5DCFM></Q5DCFM>
        <Q5DDBX>0</Q5DDBX>
        <Q5ATRA>0</Q5ATRA></Fields></Add>
    <Add>
      <APIProgram>CRS020MI</APIProgram>
      <Transaction>UpdPanelVerCol</Transaction>
      <Fields>
        <Q5PGNM>CMS100</Q5PGNM>
        <Q5IBCA>V_SCRIPT2</Q5IBCA>
        <Q5RESP></Q5RESP>
        <Q5PAVR>STD01-00</Q5PAVR>
        <Q5PIC1>B</Q5PIC1>
        <Q5TX40>Standard view for sorting order 1</Q5TX40>
        <Q5TX15>Std view srt 1</Q5TX15>
        <Q5QTTP>01</Q5QTTP>
        <Q5COID>03</Q5COID>
        <Q5FLDI>F1PK02</Q5FLDI>
        <Q5FLTY>A</Q5FLTY>
        <Q5MSID>WPK02C0</Q5MSID>
        <Q5FLDL>00030</Q5FLDL>
        <Q5FLLU>00000</Q5FLLU>
        <Q5FNDC>0</Q5FNDC>
        <Q5UNDC></Q5UNDC>
        <Q5ECDE></Q5ECDE>
        <Q5ECDU></Q5ECDU>
        <Q5SMFL>0</Q5SMFL>
        <Q5MXAV>0000000000000</Q5MXAV>
        <Q5SUMA>0</Q5SUMA>
        <Q5OMAX>0</Q5OMAX>
        <Q5SOSQ>000</Q5SOSQ>
        <Q5FDCA></Q5FDCA>
        <Q5DCNY>0</Q5DCNY>
        <Q5UDCN></Q5UDCN>
        <Q5EDFL>0</Q5EDFL>
        <Q5AGDR>00</Q5AGDR>
        <Q5AGUR>0</Q5AGUR>
        <Q5SUBR>0</Q5SUBR>
        <Q5DTFR></Q5DTFR>
        <Q5DCFM></Q5DCFM>
        <Q5DDBX>0</Q5DDBX>
        <Q5ATRA>0</Q5ATRA></Fields></Add>
    <Add>
      <APIProgram>CRS020MI</APIProgram>
      <Transaction>UpdPanelVerCol</Transaction>
      <Fields>
        <Q5PGNM>CMS100</Q5PGNM>
        <Q5IBCA>V_SCRIPT2</Q5IBCA>
        <Q5RESP></Q5RESP>
        <Q5PAVR>STD01-00</Q5PAVR>
        <Q5PIC1>B</Q5PIC1>
        <Q5TX40>Standard view for sorting order 1</Q5TX40>
        <Q5TX15>Std view srt 1</Q5TX15>
        <Q5QTTP>01</Q5QTTP>
        <Q5COID>04</Q5COID>
        <Q5FLDI>F1PK03</Q5FLDI>
        <Q5FLTY>A</Q5FLTY>
        <Q5MSID>WPK03C0</Q5MSID>
        <Q5FLDL>00030</Q5FLDL>
        <Q5FLLU>00000</Q5FLLU>
        <Q5FNDC>0</Q5FNDC>
        <Q5UNDC></Q5UNDC>
        <Q5ECDE></Q5ECDE>
        <Q5ECDU></Q5ECDU>
        <Q5SMFL>0</Q5SMFL>
        <Q5MXAV>0000000000000</Q5MXAV>
        <Q5SUMA>0</Q5SUMA>
        <Q5OMAX>0</Q5OMAX>
        <Q5SOSQ>000</Q5SOSQ>
        <Q5FDCA></Q5FDCA>
        <Q5DCNY>0</Q5DCNY>
        <Q5UDCN></Q5UDCN>
        <Q5EDFL>0</Q5EDFL>
        <Q5AGDR>00</Q5AGDR>
        <Q5AGUR>0</Q5AGUR>
        <Q5SUBR>0</Q5SUBR>
        <Q5DTFR></Q5DTFR>
        <Q5DCFM></Q5DCFM>
        <Q5DDBX>0</Q5DDBX>
        <Q5ATRA>0</Q5ATRA></Fields></Add>
    <Add>
      <APIProgram>CRS020MI</APIProgram>
      <Transaction>UpdPanelVerCol</Transaction>
      <Fields>
        <Q5PGNM>CMS100</Q5PGNM>
        <Q5IBCA>V_SCRIPT2</Q5IBCA>
        <Q5RESP></Q5RESP>
        <Q5PAVR>STD01-00</Q5PAVR>
        <Q5PIC1>B</Q5PIC1>
        <Q5TX40>Standard view for sorting order 1</Q5TX40>
        <Q5TX15>Std view srt 1</Q5TX15>
        <Q5QTTP>01</Q5QTTP>
        <Q5COID>05</Q5COID>
        <Q5FLDI>F1A121</Q5FLDI>
        <Q5FLTY>A</Q5FLTY>
        <Q5MSID>WAF60C0</Q5MSID>
        <Q5FLDL>00120</Q5FLDL>
        <Q5FLLU>00000</Q5FLLU>
        <Q5FNDC>0</Q5FNDC>
        <Q5UNDC></Q5UNDC>
        <Q5ECDE></Q5ECDE>
        <Q5ECDU></Q5ECDU>
        <Q5SMFL>0</Q5SMFL>
        <Q5MXAV>0000000000000</Q5MXAV>
        <Q5SUMA>0</Q5SUMA>
        <Q5OMAX>0</Q5OMAX>
        <Q5SOSQ>000</Q5SOSQ>
        <Q5FDCA></Q5FDCA>
        <Q5DCNY>0</Q5DCNY>
        <Q5UDCN></Q5UDCN>
        <Q5EDFL>0</Q5EDFL>
        <Q5AGDR>00</Q5AGDR>
        <Q5AGUR>0</Q5AGUR>
        <Q5SUBR>0</Q5SUBR>
        <Q5DTFR></Q5DTFR>
        <Q5DCFM></Q5DCFM>
        <Q5DDBX>0</Q5DDBX>
        <Q5ATRA>0</Q5ATRA></Fields></Add>
    <Add>
      <APIProgram>CRS020MI</APIProgram>
      <Transaction>UpdPanelVerCol</Transaction>
      <Fields>
        <Q5PGNM>CMS100</Q5PGNM>
        <Q5IBCA>V_SCRIPT2</Q5IBCA>
        <Q5RESP></Q5RESP>
        <Q5PAVR>STD01-00</Q5PAVR>
        <Q5PIC1>B</Q5PIC1>
        <Q5TX40>Standard view for sorting order 1</Q5TX40>
        <Q5TX15>Std view srt 1</Q5TX15>
        <Q5QTTP>01</Q5QTTP>
        <Q5COID>06</Q5COID>
        <Q5FLDI>F1A030</Q5FLDI>
        <Q5FLTY>A</Q5FLTY>
        <Q5MSID>WAF48C0</Q5MSID>
        <Q5FLDL>00030</Q5FLDL>
        <Q5FLLU>00000</Q5FLLU>
        <Q5FNDC>0</Q5FNDC>
        <Q5UNDC></Q5UNDC>
        <Q5ECDE></Q5ECDE>
        <Q5ECDU></Q5ECDU>
        <Q5SMFL>0</Q5SMFL>
        <Q5MXAV>0000000000000</Q5MXAV>
        <Q5SUMA>0</Q5SUMA>
        <Q5OMAX>0</Q5OMAX>
        <Q5SOSQ>000</Q5SOSQ>
        <Q5FDCA></Q5FDCA>
        <Q5DCNY>0</Q5DCNY>
        <Q5UDCN></Q5UDCN>
        <Q5EDFL>0</Q5EDFL>
        <Q5AGDR>00</Q5AGDR>
        <Q5AGUR>0</Q5AGUR>
        <Q5SUBR>0</Q5SUBR>
        <Q5DTFR></Q5DTFR>
        <Q5DCFM></Q5DCFM>
        <Q5DDBX>0</Q5DDBX>
        <Q5ATRA>0</Q5ATRA></Fields></Add>
    <Delete>
      <APIProgram>CRS020MI</APIProgram>
      <Transaction>DelPanelVersion</Transaction>
      <Fields>
        <Q4PGNM>CMS100</Q4PGNM>
        <Q4RESP></Q4RESP>
        <Q4PAVR>STD02-00</Q4PAVR>
        <Q4PIC1>B</Q4PIC1>
        <Q4IBCA>V_SCRIPT2</Q4IBCA></Fields></Delete>
    <Add>
      <APIProgram>CRS020MI</APIProgram>
      <Transaction>UpdPanelVerCol</Transaction>
      <Fields>
        <Q5PGNM>CMS100</Q5PGNM>
        <Q5IBCA>V_SCRIPT2</Q5IBCA>
        <Q5RESP></Q5RESP>
        <Q5PAVR>STD02-00</Q5PAVR>
        <Q5PIC1>B</Q5PIC1>
        <Q5TX40>Standard view for sorting order 2</Q5TX40>
        <Q5TX15>Std view srt 2</Q5TX15>
        <Q5QTTP>02</Q5QTTP>
        <Q5COID>01</Q5COID>
        <Q5FLDI>F1FILE</Q5FLDI>
        <Q5FLTY>A</Q5FLTY>
        <Q5MSID>WFI05C0</Q5MSID>
        <Q5FLDL>00010</Q5FLDL>
        <Q5FLLU>00000</Q5FLLU>
        <Q5FNDC>0</Q5FNDC>
        <Q5UNDC></Q5UNDC>
        <Q5ECDE></Q5ECDE>
        <Q5ECDU></Q5ECDU>
        <Q5SMFL>0</Q5SMFL>
        <Q5MXAV>0000000000000</Q5MXAV>
        <Q5SUMA>0</Q5SUMA>
        <Q5OMAX>0</Q5OMAX>
        <Q5SOSQ>000</Q5SOSQ>
        <Q5FDCA></Q5FDCA>
        <Q5DCNY>0</Q5DCNY>
        <Q5UDCN></Q5UDCN>
        <Q5EDFL>0</Q5EDFL>
        <Q5AGDR>00</Q5AGDR>
        <Q5AGUR>0</Q5AGUR>
        <Q5SUBR>2</Q5SUBR>
        <Q5DTFR></Q5DTFR>
        <Q5DCFM></Q5DCFM>
        <Q5DDBX>0</Q5DDBX>
        <Q5ATRA>0</Q5ATRA></Fields></Add>
    <Add>
      <APIProgram>CRS020MI</APIProgram>
      <Transaction>UpdPanelVerCol</Transaction>
      <Fields>
        <Q5PGNM>CMS100</Q5PGNM>
        <Q5IBCA>V_SCRIPT2</Q5IBCA>
        <Q5RESP></Q5RESP>
        <Q5PAVR>STD02-00</Q5PAVR>
        <Q5PIC1>B</Q5PIC1>
        <Q5TX40>Standard view for sorting order 2</Q5TX40>
        <Q5TX15>Std view srt 2</Q5TX15>
        <Q5QTTP>02</Q5QTTP>
        <Q5COID>02</Q5COID>
        <Q5FLDI>F1PK02</Q5FLDI>
        <Q5FLTY>A</Q5FLTY>
        <Q5MSID>WPK02C0</Q5MSID>
        <Q5FLDL>00030</Q5FLDL>
        <Q5FLLU>00000</Q5FLLU>
        <Q5FNDC>0</Q5FNDC>
        <Q5UNDC></Q5UNDC>
        <Q5ECDE></Q5ECDE>
        <Q5ECDU></Q5ECDU>
        <Q5SMFL>0</Q5SMFL>
        <Q5MXAV>0000000000000</Q5MXAV>
        <Q5SUMA>0</Q5SUMA>
        <Q5OMAX>0</Q5OMAX>
        <Q5SOSQ>000</Q5SOSQ>
        <Q5FDCA></Q5FDCA>
        <Q5DCNY>0</Q5DCNY>
        <Q5UDCN></Q5UDCN>
        <Q5EDFL>0</Q5EDFL>
        <Q5AGDR>00</Q5AGDR>
        <Q5AGUR>0</Q5AGUR>
        <Q5SUBR>0</Q5SUBR>
        <Q5DTFR></Q5DTFR>
        <Q5DCFM></Q5DCFM>
        <Q5DDBX>0</Q5DDBX>
        <Q5ATRA>0</Q5ATRA></Fields></Add>
    <Add>
      <APIProgram>CRS020MI</APIProgram>
      <Transaction>UpdPanelVerCol</Transaction>
      <Fields>
        <Q5PGNM>CMS100</Q5PGNM>
        <Q5IBCA>V_SCRIPT2</Q5IBCA>
        <Q5RESP></Q5RESP>
        <Q5PAVR>STD02-00</Q5PAVR>
        <Q5PIC1>B</Q5PIC1>
        <Q5TX40>Standard view for sorting order 2</Q5TX40>
        <Q5TX15>Std view srt 2</Q5TX15>
        <Q5QTTP>02</Q5QTTP>
        <Q5COID>03</Q5COID>
        <Q5FLDI>F1PK01</Q5FLDI>
        <Q5FLTY>A</Q5FLTY>
        <Q5MSID>WPK01C0</Q5MSID>
        <Q5FLDL>00030</Q5FLDL>
        <Q5FLLU>00000</Q5FLLU>
        <Q5FNDC>0</Q5FNDC>
        <Q5UNDC></Q5UNDC>
        <Q5ECDE></Q5ECDE>
        <Q5ECDU></Q5ECDU>
        <Q5SMFL>0</Q5SMFL>
        <Q5MXAV>0000000000000</Q5MXAV>
        <Q5SUMA>0</Q5SUMA>
        <Q5OMAX>0</Q5OMAX>
        <Q5SOSQ>000</Q5SOSQ>
        <Q5FDCA></Q5FDCA>
        <Q5DCNY>0</Q5DCNY>
        <Q5UDCN></Q5UDCN>
        <Q5EDFL>0</Q5EDFL>
        <Q5AGDR>00</Q5AGDR>
        <Q5AGUR>0</Q5AGUR>
        <Q5SUBR>0</Q5SUBR>
        <Q5DTFR></Q5DTFR>
        <Q5DCFM></Q5DCFM>
        <Q5DDBX>0</Q5DDBX>
        <Q5ATRA>0</Q5ATRA></Fields></Add>
    <Add>
      <APIProgram>CRS020MI</APIProgram>
      <Transaction>UpdPanelVerCol</Transaction>
      <Fields>
        <Q5PGNM>CMS100</Q5PGNM>
        <Q5IBCA>V_SCRIPT2</Q5IBCA>
        <Q5RESP></Q5RESP>
        <Q5PAVR>STD02-00</Q5PAVR>
        <Q5PIC1>B</Q5PIC1>
        <Q5TX40>Standard view for sorting order 2</Q5TX40>
        <Q5TX15>Std view srt 2</Q5TX15>
        <Q5QTTP>02</Q5QTTP>
        <Q5COID>04</Q5COID>
        <Q5FLDI>F1PK03</Q5FLDI>
        <Q5FLTY>A</Q5FLTY>
        <Q5MSID>WPK03C0</Q5MSID>
        <Q5FLDL>00030</Q5FLDL>
        <Q5FLLU>00000</Q5FLLU>
        <Q5FNDC>0</Q5FNDC>
        <Q5UNDC></Q5UNDC>
        <Q5ECDE></Q5ECDE>
        <Q5ECDU></Q5ECDU>
        <Q5SMFL>0</Q5SMFL>
        <Q5MXAV>0000000000000</Q5MXAV>
        <Q5SUMA>0</Q5SUMA>
        <Q5OMAX>0</Q5OMAX>
        <Q5SOSQ>000</Q5SOSQ>
        <Q5FDCA></Q5FDCA>
        <Q5DCNY>0</Q5DCNY>
        <Q5UDCN></Q5UDCN>
        <Q5EDFL>0</Q5EDFL>
        <Q5AGDR>00</Q5AGDR>
        <Q5AGUR>0</Q5AGUR>
        <Q5SUBR>0</Q5SUBR>
        <Q5DTFR></Q5DTFR>
        <Q5DCFM></Q5DCFM>
        <Q5DDBX>0</Q5DDBX>
        <Q5ATRA>0</Q5ATRA></Fields></Add>
    <Add>
      <APIProgram>CRS020MI</APIProgram>
      <Transaction>UpdPanelVerCol</Transaction>
      <Fields>
        <Q5PGNM>CMS100</Q5PGNM>
        <Q5IBCA>V_SCRIPT2</Q5IBCA>
        <Q5RESP></Q5RESP>
        <Q5PAVR>STD02-00</Q5PAVR>
        <Q5PIC1>B</Q5PIC1>
        <Q5TX40>Standard view for sorting order 2</Q5TX40>
        <Q5TX15>Std view srt 2</Q5TX15>
        <Q5QTTP>02</Q5QTTP>
        <Q5COID>05</Q5COID>
        <Q5FLDI>F1PK04</Q5FLDI>
        <Q5FLTY>A</Q5FLTY>
        <Q5MSID>WPK04C0</Q5MSID>
        <Q5FLDL>00030</Q5FLDL>
        <Q5FLLU>00000</Q5FLLU>
        <Q5FNDC>0</Q5FNDC>
        <Q5UNDC></Q5UNDC>
        <Q5ECDE></Q5ECDE>
        <Q5ECDU></Q5ECDU>
        <Q5SMFL>0</Q5SMFL>
        <Q5MXAV>0000000000000</Q5MXAV>
        <Q5SUMA>0</Q5SUMA>
        <Q5OMAX>0</Q5OMAX>
        <Q5SOSQ>000</Q5SOSQ>
        <Q5FDCA></Q5FDCA>
        <Q5DCNY>0</Q5DCNY>
        <Q5UDCN></Q5UDCN>
        <Q5EDFL>0</Q5EDFL>
        <Q5AGDR>00</Q5AGDR>
        <Q5AGUR>0</Q5AGUR>
        <Q5SUBR>0</Q5SUBR>
        <Q5DTFR></Q5DTFR>
        <Q5DCFM></Q5DCFM>
        <Q5DDBX>0</Q5DDBX>
        <Q5ATRA>0</Q5ATRA></Fields></Add>
    <Add>
      <APIProgram>CRS020MI</APIProgram>
      <Transaction>UpdPanelVerCol</Transaction>
      <Fields>
        <Q5PGNM>CMS100</Q5PGNM>
        <Q5IBCA>V_SCRIPT2</Q5IBCA>
        <Q5RESP></Q5RESP>
        <Q5PAVR>STD02-00</Q5PAVR>
        <Q5PIC1>B</Q5PIC1>
        <Q5TX40>Standard view for sorting order 2</Q5TX40>
        <Q5TX15>Std view srt 2</Q5TX15>
        <Q5QTTP>02</Q5QTTP>
        <Q5COID>06</Q5COID>
        <Q5FLDI>F1PK05</Q5FLDI>
        <Q5FLTY>A</Q5FLTY>
        <Q5MSID>WPK05C0</Q5MSID>
        <Q5FLDL>00030</Q5FLDL>
        <Q5FLLU>00000</Q5FLLU>
        <Q5FNDC>0</Q5FNDC>
        <Q5UNDC></Q5UNDC>
        <Q5ECDE></Q5ECDE>
        <Q5ECDU></Q5ECDU>
        <Q5SMFL>0</Q5SMFL>
        <Q5MXAV>0000000000000</Q5MXAV>
        <Q5SUMA>0</Q5SUMA>
        <Q5OMAX>0</Q5OMAX>
        <Q5SOSQ>000</Q5SOSQ>
        <Q5FDCA></Q5FDCA>
        <Q5DCNY>0</Q5DCNY>
        <Q5UDCN></Q5UDCN>
        <Q5EDFL>0</Q5EDFL>
        <Q5AGDR>00</Q5AGDR>
        <Q5AGUR>0</Q5AGUR>
        <Q5SUBR>0</Q5SUBR>
        <Q5DTFR></Q5DTFR>
        <Q5DCFM></Q5DCFM>
        <Q5DDBX>0</Q5DDBX>
        <Q5ATRA>0</Q5ATRA></Fields></Add>
    <Add>
      <APIProgram>CRS020MI</APIProgram>
      <Transaction>UpdPanelVerCol</Transaction>
      <Fields>
        <Q5PGNM>CMS100</Q5PGNM>
        <Q5IBCA>V_SCRIPT2</Q5IBCA>
        <Q5RESP></Q5RESP>
        <Q5PAVR>STD02-00</Q5PAVR>
        <Q5PIC1>B</Q5PIC1>
        <Q5TX40>Standard view for sorting order 2</Q5TX40>
        <Q5TX15>Std view srt 2</Q5TX15>
        <Q5QTTP>02</Q5QTTP>
        <Q5COID>07</Q5COID>
        <Q5FLDI>F1PK06</Q5FLDI>
        <Q5FLTY>A</Q5FLTY>
        <Q5MSID>WPK06C0</Q5MSID>
        <Q5FLDL>00030</Q5FLDL>
        <Q5FLLU>00000</Q5FLLU>
        <Q5FNDC>0</Q5FNDC>
        <Q5UNDC></Q5UNDC>
        <Q5ECDE></Q5ECDE>
        <Q5ECDU></Q5ECDU>
        <Q5SMFL>0</Q5SMFL>
        <Q5MXAV>0000000000000</Q5MXAV>
        <Q5SUMA>0</Q5SUMA>
        <Q5OMAX>0</Q5OMAX>
        <Q5SOSQ>000</Q5SOSQ>
        <Q5FDCA></Q5FDCA>
        <Q5DCNY>0</Q5DCNY>
        <Q5UDCN></Q5UDCN>
        <Q5EDFL>0</Q5EDFL>
        <Q5AGDR>00</Q5AGDR>
        <Q5AGUR>0</Q5AGUR>
        <Q5SUBR>0</Q5SUBR>
        <Q5DTFR></Q5DTFR>
        <Q5DCFM></Q5DCFM>
        <Q5DDBX>0</Q5DDBX>
        <Q5ATRA>0</Q5ATRA></Fields></Add>
    <Add>
      <APIProgram>CRS020MI</APIProgram>
      <Transaction>UpdPanelVerCol</Transaction>
      <Fields>
        <Q5PGNM>CMS100</Q5PGNM>
        <Q5IBCA>V_SCRIPT2</Q5IBCA>
        <Q5RESP></Q5RESP>
        <Q5PAVR>STD02-00</Q5PAVR>
        <Q5PIC1>B</Q5PIC1>
        <Q5TX40>Standard view for sorting order 2</Q5TX40>
        <Q5TX15>Std view srt 2</Q5TX15>
        <Q5QTTP>02</Q5QTTP>
        <Q5COID>08</Q5COID>
        <Q5FLDI>F1PK07</Q5FLDI>
        <Q5FLTY>A</Q5FLTY>
        <Q5MSID>WPK07C0</Q5MSID>
        <Q5FLDL>00030</Q5FLDL>
        <Q5FLLU>00000</Q5FLLU>
        <Q5FNDC>0</Q5FNDC>
        <Q5UNDC></Q5UNDC>
        <Q5ECDE></Q5ECDE>
        <Q5ECDU></Q5ECDU>
        <Q5SMFL>0</Q5SMFL>
        <Q5MXAV>0000000000000</Q5MXAV>
        <Q5SUMA>0</Q5SUMA>
        <Q5OMAX>0</Q5OMAX>
        <Q5SOSQ>000</Q5SOSQ>
        <Q5FDCA></Q5FDCA>
        <Q5DCNY>0</Q5DCNY>
        <Q5UDCN></Q5UDCN>
        <Q5EDFL>0</Q5EDFL>
        <Q5AGDR>00</Q5AGDR>
        <Q5AGUR>0</Q5AGUR>
        <Q5SUBR>0</Q5SUBR>
        <Q5DTFR></Q5DTFR>
        <Q5DCFM></Q5DCFM>
        <Q5DDBX>0</Q5DDBX>
        <Q5ATRA>0</Q5ATRA></Fields></Add>
    <Delete>
      <APIProgram>CRS020MI</APIProgram>
      <Transaction>DelPanelVersion</Transaction>
      <Fields>
        <Q4PGNM>CMS100</Q4PGNM>
        <Q4RESP></Q4RESP>
        <Q4PAVR>STD03-00</Q4PAVR>
        <Q4PIC1>B</Q4PIC1>
        <Q4IBCA>V_SCRIPT2</Q4IBCA></Fields></Delete>
    <Add>
      <APIProgram>CRS020MI</APIProgram>
      <Transaction>UpdPanelVerCol</Transaction>
      <Fields>
        <Q5PGNM>CMS100</Q5PGNM>
        <Q5IBCA>V_SCRIPT2</Q5IBCA>
        <Q5RESP></Q5RESP>
        <Q5PAVR>STD03-00</Q5PAVR>
        <Q5PIC1>B</Q5PIC1>
        <Q5TX40>Standard view for sorting order 3</Q5TX40>
        <Q5TX15>Std view srt 3</Q5TX15>
        <Q5QTTP>03</Q5QTTP>
        <Q5COID>01</Q5COID>
        <Q5FLDI>F1FILE</Q5FLDI>
        <Q5FLTY>A</Q5FLTY>
        <Q5MSID>WFI05C0</Q5MSID>
        <Q5FLDL>00010</Q5FLDL>
        <Q5FLLU>00000</Q5FLLU>
        <Q5FNDC>0</Q5FNDC>
        <Q5UNDC></Q5UNDC>
        <Q5ECDE></Q5ECDE>
        <Q5ECDU></Q5ECDU>
        <Q5SMFL>0</Q5SMFL>
        <Q5MXAV>0000000000000</Q5MXAV>
        <Q5SUMA>0</Q5SUMA>
        <Q5OMAX>0</Q5OMAX>
        <Q5SOSQ>000</Q5SOSQ>
        <Q5FDCA></Q5FDCA>
        <Q5DCNY>0</Q5DCNY>
        <Q5UDCN></Q5UDCN>
        <Q5EDFL>0</Q5EDFL>
        <Q5AGDR>00</Q5AGDR>
        <Q5AGUR>0</Q5AGUR>
        <Q5SUBR>2</Q5SUBR>
        <Q5DTFR></Q5DTFR>
        <Q5DCFM></Q5DCFM>
        <Q5DDBX>0</Q5DDBX>
        <Q5ATRA>0</Q5ATRA></Fields></Add>
    <Add>
      <APIProgram>CRS020MI</APIProgram>
      <Transaction>UpdPanelVerCol</Transaction>
      <Fields>
        <Q5PGNM>CMS100</Q5PGNM>
        <Q5IBCA>V_SCRIPT2</Q5IBCA>
        <Q5RESP></Q5RESP>
        <Q5PAVR>STD03-00</Q5PAVR>
        <Q5PIC1>B</Q5PIC1>
        <Q5TX40>Standard view for sorting order 3</Q5TX40>
        <Q5TX15>Std view srt 3</Q5TX15>
        <Q5QTTP>03</Q5QTTP>
        <Q5COID>02</Q5COID>
        <Q5FLDI>F1PK03</Q5FLDI>
        <Q5FLTY>A</Q5FLTY>
        <Q5MSID>WPK03C0</Q5MSID>
        <Q5FLDL>00030</Q5FLDL>
        <Q5FLLU>00000</Q5FLLU>
        <Q5FNDC>0</Q5FNDC>
        <Q5UNDC></Q5UNDC>
        <Q5ECDE></Q5ECDE>
        <Q5ECDU></Q5ECDU>
        <Q5SMFL>0</Q5SMFL>
        <Q5MXAV>0000000000000</Q5MXAV>
        <Q5SUMA>0</Q5SUMA>
        <Q5OMAX>0</Q5OMAX>
        <Q5SOSQ>000</Q5SOSQ>
        <Q5FDCA></Q5FDCA>
        <Q5DCNY>0</Q5DCNY>
        <Q5UDCN></Q5UDCN>
        <Q5EDFL>0</Q5EDFL>
        <Q5AGDR>00</Q5AGDR>
        <Q5AGUR>0</Q5AGUR>
        <Q5SUBR>0</Q5SUBR>
        <Q5DTFR></Q5DTFR>
        <Q5DCFM></Q5DCFM>
        <Q5DDBX>0</Q5DDBX>
        <Q5ATRA>0</Q5ATRA></Fields></Add>
    <Add>
      <APIProgram>CRS020MI</APIProgram>
      <Transaction>UpdPanelVerCol</Transaction>
      <Fields>
        <Q5PGNM>CMS100</Q5PGNM>
        <Q5IBCA>V_SCRIPT2</Q5IBCA>
        <Q5RESP></Q5RESP>
        <Q5PAVR>STD03-00</Q5PAVR>
        <Q5PIC1>B</Q5PIC1>
        <Q5TX40>Standard view for sorting order 3</Q5TX40>
        <Q5TX15>Std view srt 3</Q5TX15>
        <Q5QTTP>03</Q5QTTP>
        <Q5COID>03</Q5COID>
        <Q5FLDI>F1PK01</Q5FLDI>
        <Q5FLTY>A</Q5FLTY>
        <Q5MSID>WPK01C0</Q5MSID>
        <Q5FLDL>00030</Q5FLDL>
        <Q5FLLU>00000</Q5FLLU>
        <Q5FNDC>0</Q5FNDC>
        <Q5UNDC></Q5UNDC>
        <Q5ECDE></Q5ECDE>
        <Q5ECDU></Q5ECDU>
        <Q5SMFL>0</Q5SMFL>
        <Q5MXAV>0000000000000</Q5MXAV>
        <Q5SUMA>0</Q5SUMA>
        <Q5OMAX>0</Q5OMAX>
        <Q5SOSQ>000</Q5SOSQ>
        <Q5FDCA></Q5FDCA>
        <Q5DCNY>0</Q5DCNY>
        <Q5UDCN></Q5UDCN>
        <Q5EDFL>0</Q5EDFL>
        <Q5AGDR>00</Q5AGDR>
        <Q5AGUR>0</Q5AGUR>
        <Q5SUBR>0</Q5SUBR>
        <Q5DTFR></Q5DTFR>
        <Q5DCFM></Q5DCFM>
        <Q5DDBX>0</Q5DDBX>
        <Q5ATRA>0</Q5ATRA></Fields></Add>
    <Add>
      <APIProgram>CRS020MI</APIProgram>
      <Transaction>UpdPanelVerCol</Transaction>
      <Fields>
        <Q5PGNM>CMS100</Q5PGNM>
        <Q5IBCA>V_SCRIPT2</Q5IBCA>
        <Q5RESP></Q5RESP>
        <Q5PAVR>STD03-00</Q5PAVR>
        <Q5PIC1>B</Q5PIC1>
        <Q5TX40>Standard view for sorting order 3</Q5TX40>
        <Q5TX15>Std view srt 3</Q5TX15>
        <Q5QTTP>03</Q5QTTP>
        <Q5COID>04</Q5COID>
        <Q5FLDI>F1PK02</Q5FLDI>
        <Q5FLTY>A</Q5FLTY>
        <Q5MSID>WPK02C0</Q5MSID>
        <Q5FLDL>00030</Q5FLDL>
        <Q5FLLU>00000</Q5FLLU>
        <Q5FNDC>0</Q5FNDC>
        <Q5UNDC></Q5UNDC>
        <Q5ECDE></Q5ECDE>
        <Q5ECDU></Q5ECDU>
        <Q5SMFL>0</Q5SMFL>
        <Q5MXAV>0000000000000</Q5MXAV>
        <Q5SUMA>0</Q5SUMA>
        <Q5OMAX>0</Q5OMAX>
        <Q5SOSQ>000</Q5SOSQ>
        <Q5FDCA></Q5FDCA>
        <Q5DCNY>0</Q5DCNY>
        <Q5UDCN></Q5UDCN>
        <Q5EDFL>0</Q5EDFL>
        <Q5AGDR>00</Q5AGDR>
        <Q5AGUR>0</Q5AGUR>
        <Q5SUBR>0</Q5SUBR>
        <Q5DTFR></Q5DTFR>
        <Q5DCFM></Q5DCFM>
        <Q5DDBX>0</Q5DDBX>
        <Q5ATRA>0</Q5ATRA></Fields></Add>
    <Add>
      <APIProgram>CRS020MI</APIProgram>
      <Transaction>UpdPanelVerCol</Transaction>
      <Fields>
        <Q5PGNM>CMS100</Q5PGNM>
        <Q5IBCA>V_SCRIPT2</Q5IBCA>
        <Q5RESP></Q5RESP>
        <Q5PAVR>STD03-00</Q5PAVR>
        <Q5PIC1>B</Q5PIC1>
        <Q5TX40>Standard view for sorting order 3</Q5TX40>
        <Q5TX15>Std view srt 3</Q5TX15>
        <Q5QTTP>03</Q5QTTP>
        <Q5COID>05</Q5COID>
        <Q5FLDI>F1PK04</Q5FLDI>
        <Q5FLTY>A</Q5FLTY>
        <Q5MSID>WPK04C0</Q5MSID>
        <Q5FLDL>00030</Q5FLDL>
        <Q5FLLU>00000</Q5FLLU>
        <Q5FNDC>0</Q5FNDC>
        <Q5UNDC></Q5UNDC>
        <Q5ECDE></Q5ECDE>
        <Q5ECDU></Q5ECDU>
        <Q5SMFL>0</Q5SMFL>
        <Q5MXAV>0000000000000</Q5MXAV>
        <Q5SUMA>0</Q5SUMA>
        <Q5OMAX>0</Q5OMAX>
        <Q5SOSQ>000</Q5SOSQ>
        <Q5FDCA></Q5FDCA>
        <Q5DCNY>0</Q5DCNY>
        <Q5UDCN></Q5UDCN>
        <Q5EDFL>0</Q5EDFL>
        <Q5AGDR>00</Q5AGDR>
        <Q5AGUR>0</Q5AGUR>
        <Q5SUBR>0</Q5SUBR>
        <Q5DTFR></Q5DTFR>
        <Q5DCFM></Q5DCFM>
        <Q5DDBX>0</Q5DDBX>
        <Q5ATRA>0</Q5ATRA></Fields></Add>
    <Add>
      <APIProgram>CRS020MI</APIProgram>
      <Transaction>UpdPanelVerCol</Transaction>
      <Fields>
        <Q5PGNM>CMS100</Q5PGNM>
        <Q5IBCA>V_SCRIPT2</Q5IBCA>
        <Q5RESP></Q5RESP>
        <Q5PAVR>STD03-00</Q5PAVR>
        <Q5PIC1>B</Q5PIC1>
        <Q5TX40>Standard view for sorting order 3</Q5TX40>
        <Q5TX15>Std view srt 3</Q5TX15>
        <Q5QTTP>03</Q5QTTP>
        <Q5COID>06</Q5COID>
        <Q5FLDI>F1PK05</Q5FLDI>
        <Q5FLTY>A</Q5FLTY>
        <Q5MSID>WPK05C0</Q5MSID>
        <Q5FLDL>00030</Q5FLDL>
        <Q5FLLU>00000</Q5FLLU>
        <Q5FNDC>0</Q5FNDC>
        <Q5UNDC></Q5UNDC>
        <Q5ECDE></Q5ECDE>
        <Q5ECDU></Q5ECDU>
        <Q5SMFL>0</Q5SMFL>
        <Q5MXAV>0000000000000</Q5MXAV>
        <Q5SUMA>0</Q5SUMA>
        <Q5OMAX>0</Q5OMAX>
        <Q5SOSQ>000</Q5SOSQ>
        <Q5FDCA></Q5FDCA>
        <Q5DCNY>0</Q5DCNY>
        <Q5UDCN></Q5UDCN>
        <Q5EDFL>0</Q5EDFL>
        <Q5AGDR>00</Q5AGDR>
        <Q5AGUR>0</Q5AGUR>
        <Q5SUBR>0</Q5SUBR>
        <Q5DTFR></Q5DTFR>
        <Q5DCFM></Q5DCFM>
        <Q5DDBX>0</Q5DDBX>
        <Q5ATRA>0</Q5ATRA></Fields></Add>
    <Add>
      <APIProgram>CRS020MI</APIProgram>
      <Transaction>UpdPanelVerCol</Transaction>
      <Fields>
        <Q5PGNM>CMS100</Q5PGNM>
        <Q5IBCA>V_SCRIPT2</Q5IBCA>
        <Q5RESP></Q5RESP>
        <Q5PAVR>STD03-00</Q5PAVR>
        <Q5PIC1>B</Q5PIC1>
        <Q5TX40>Standard view for sorting order 3</Q5TX40>
        <Q5TX15>Std view srt 3</Q5TX15>
        <Q5QTTP>03</Q5QTTP>
        <Q5COID>07</Q5COID>
        <Q5FLDI>F1PK06</Q5FLDI>
        <Q5FLTY>A</Q5FLTY>
        <Q5MSID>WPK06C0</Q5MSID>
        <Q5FLDL>00030</Q5FLDL>
        <Q5FLLU>00000</Q5FLLU>
        <Q5FNDC>0</Q5FNDC>
        <Q5UNDC></Q5UNDC>
        <Q5ECDE></Q5ECDE>
        <Q5ECDU></Q5ECDU>
        <Q5SMFL>0</Q5SMFL>
        <Q5MXAV>0000000000000</Q5MXAV>
        <Q5SUMA>0</Q5SUMA>
        <Q5OMAX>0</Q5OMAX>
        <Q5SOSQ>000</Q5SOSQ>
        <Q5FDCA></Q5FDCA>
        <Q5DCNY>0</Q5DCNY>
        <Q5UDCN></Q5UDCN>
        <Q5EDFL>0</Q5EDFL>
        <Q5AGDR>00</Q5AGDR>
        <Q5AGUR>0</Q5AGUR>
        <Q5SUBR>0</Q5SUBR>
        <Q5DTFR></Q5DTFR>
        <Q5DCFM></Q5DCFM>
        <Q5DDBX>0</Q5DDBX>
        <Q5ATRA>0</Q5ATRA></Fields></Add>
    <Add>
      <APIProgram>CRS020MI</APIProgram>
      <Transaction>UpdPanelVerCol</Transaction>
      <Fields>
        <Q5PGNM>CMS100</Q5PGNM>
        <Q5IBCA>V_SCRIPT2</Q5IBCA>
        <Q5RESP></Q5RESP>
        <Q5PAVR>STD03-00</Q5PAVR>
        <Q5PIC1>B</Q5PIC1>
        <Q5TX40>Standard view for sorting order 3</Q5TX40>
        <Q5TX15>Std view srt 3</Q5TX15>
        <Q5QTTP>03</Q5QTTP>
        <Q5COID>08</Q5COID>
        <Q5FLDI>F1PK07</Q5FLDI>
        <Q5FLTY>A</Q5FLTY>
        <Q5MSID>WPK07C0</Q5MSID>
        <Q5FLDL>00030</Q5FLDL>
        <Q5FLLU>00000</Q5FLLU>
        <Q5FNDC>0</Q5FNDC>
        <Q5UNDC></Q5UNDC>
        <Q5ECDE></Q5ECDE>
        <Q5ECDU></Q5ECDU>
        <Q5SMFL>0</Q5SMFL>
        <Q5MXAV>0000000000000</Q5MXAV>
        <Q5SUMA>0</Q5SUMA>
        <Q5OMAX>0</Q5OMAX>
        <Q5SOSQ>000</Q5SOSQ>
        <Q5FDCA></Q5FDCA>
        <Q5DCNY>0</Q5DCNY>
        <Q5UDCN></Q5UDCN>
        <Q5EDFL>0</Q5EDFL>
        <Q5AGDR>00</Q5AGDR>
        <Q5AGUR>0</Q5AGUR>
        <Q5SUBR>0</Q5SUBR>
        <Q5DTFR></Q5DTFR>
        <Q5DCFM></Q5DCFM>
        <Q5DDBX>0</Q5DDBX>
        <Q5ATRA>0</Q5ATRA></Fields></Add>
    <Delete>
      <APIProgram>CRS020MI</APIProgram>
      <Transaction>DelPanelVersion</Transaction>
      <Fields>
        <Q4PGNM>CMS100</Q4PGNM>
        <Q4RESP></Q4RESP>
        <Q4PAVR>STD04-00</Q4PAVR>
        <Q4PIC1>B</Q4PIC1>
        <Q4IBCA>V_SCRIPT2</Q4IBCA></Fields></Delete>
    <Add>
      <APIProgram>CRS020MI</APIProgram>
      <Transaction>UpdPanelVerCol</Transaction>
      <Fields>
        <Q5PGNM>CMS100</Q5PGNM>
        <Q5IBCA>V_SCRIPT2</Q5IBCA>
        <Q5RESP></Q5RESP>
        <Q5PAVR>STD04-00</Q5PAVR>
        <Q5PIC1>B</Q5PIC1>
        <Q5TX40>Standard view for sorting order 4</Q5TX40>
        <Q5TX15>Std view srt 4</Q5TX15>
        <Q5QTTP>04</Q5QTTP>
        <Q5COID>01</Q5COID>
        <Q5FLDI>F1FILE</Q5FLDI>
        <Q5FLTY>A</Q5FLTY>
        <Q5MSID>WFI05C0</Q5MSID>
        <Q5FLDL>00010</Q5FLDL>
        <Q5FLLU>00000</Q5FLLU>
        <Q5FNDC>0</Q5FNDC>
        <Q5UNDC></Q5UNDC>
        <Q5ECDE></Q5ECDE>
        <Q5ECDU></Q5ECDU>
        <Q5SMFL>0</Q5SMFL>
        <Q5MXAV>0000000000000</Q5MXAV>
        <Q5SUMA>0</Q5SUMA>
        <Q5OMAX>0</Q5OMAX>
        <Q5SOSQ>000</Q5SOSQ>
        <Q5FDCA></Q5FDCA>
        <Q5DCNY>0</Q5DCNY>
        <Q5UDCN></Q5UDCN>
        <Q5EDFL>0</Q5EDFL>
        <Q5AGDR>00</Q5AGDR>
        <Q5AGUR>0</Q5AGUR>
        <Q5SUBR>2</Q5SUBR>
        <Q5DTFR></Q5DTFR>
        <Q5DCFM></Q5DCFM>
        <Q5DDBX>0</Q5DDBX>
        <Q5ATRA>0</Q5ATRA></Fields></Add>
    <Add>
      <APIProgram>CRS020MI</APIProgram>
      <Transaction>UpdPanelVerCol</Transaction>
      <Fields>
        <Q5PGNM>CMS100</Q5PGNM>
        <Q5IBCA>V_SCRIPT2</Q5IBCA>
        <Q5RESP></Q5RESP>
        <Q5PAVR>STD04-00</Q5PAVR>
        <Q5PIC1>B</Q5PIC1>
        <Q5TX40>Standard view for sorting order 4</Q5TX40>
        <Q5TX15>Std view srt 4</Q5TX15>
        <Q5QTTP>04</Q5QTTP>
        <Q5COID>02</Q5COID>
        <Q5FLDI>F1PK04</Q5FLDI>
        <Q5FLTY>A</Q5FLTY>
        <Q5MSID>WPK04C0</Q5MSID>
        <Q5FLDL>00030</Q5FLDL>
        <Q5FLLU>00000</Q5FLLU>
        <Q5FNDC>0</Q5FNDC>
        <Q5UNDC></Q5UNDC>
        <Q5ECDE></Q5ECDE>
        <Q5ECDU></Q5ECDU>
        <Q5SMFL>0</Q5SMFL>
        <Q5MXAV>0000000000000</Q5MXAV>
        <Q5SUMA>0</Q5SUMA>
        <Q5OMAX>0</Q5OMAX>
        <Q5SOSQ>000</Q5SOSQ>
        <Q5FDCA></Q5FDCA>
        <Q5DCNY>0</Q5DCNY>
        <Q5UDCN></Q5UDCN>
        <Q5EDFL>0</Q5EDFL>
        <Q5AGDR>00</Q5AGDR>
        <Q5AGUR>0</Q5AGUR>
        <Q5SUBR>0</Q5SUBR>
        <Q5DTFR></Q5DTFR>
        <Q5DCFM></Q5DCFM>
        <Q5DDBX>0</Q5DDBX>
        <Q5ATRA>0</Q5ATRA></Fields></Add>
    <Add>
      <APIProgram>CRS020MI</APIProgram>
      <Transaction>UpdPanelVerCol</Transaction>
      <Fields>
        <Q5PGNM>CMS100</Q5PGNM>
        <Q5IBCA>V_SCRIPT2</Q5IBCA>
        <Q5RESP></Q5RESP>
        <Q5PAVR>STD04-00</Q5PAVR>
        <Q5PIC1>B</Q5PIC1>
        <Q5TX40>Standard view for sorting order 4</Q5TX40>
        <Q5TX15>Std view srt 4</Q5TX15>
        <Q5QTTP>04</Q5QTTP>
        <Q5COID>03</Q5COID>
        <Q5FLDI>F1PK01</Q5FLDI>
        <Q5FLTY>A</Q5FLTY>
        <Q5MSID>WPK01C0</Q5MSID>
        <Q5FLDL>00030</Q5FLDL>
        <Q5FLLU>00000</Q5FLLU>
        <Q5FNDC>0</Q5FNDC>
        <Q5UNDC></Q5UNDC>
        <Q5ECDE></Q5ECDE>
        <Q5ECDU></Q5ECDU>
        <Q5SMFL>0</Q5SMFL>
        <Q5MXAV>0000000000000</Q5MXAV>
        <Q5SUMA>0</Q5SUMA>
        <Q5OMAX>0</Q5OMAX>
        <Q5SOSQ>000</Q5SOSQ>
        <Q5FDCA></Q5FDCA>
        <Q5DCNY>0</Q5DCNY>
        <Q5UDCN></Q5UDCN>
        <Q5EDFL>0</Q5EDFL>
        <Q5AGDR>00</Q5AGDR>
        <Q5AGUR>0</Q5AGUR>
        <Q5SUBR>0</Q5SUBR>
        <Q5DTFR></Q5DTFR>
        <Q5DCFM></Q5DCFM>
        <Q5DDBX>0</Q5DDBX>
        <Q5ATRA>0</Q5ATRA></Fields></Add>
    <Add>
      <APIProgram>CRS020MI</APIProgram>
      <Transaction>UpdPanelVerCol</Transaction>
      <Fields>
        <Q5PGNM>CMS100</Q5PGNM>
        <Q5IBCA>V_SCRIPT2</Q5IBCA>
        <Q5RESP></Q5RESP>
        <Q5PAVR>STD04-00</Q5PAVR>
        <Q5PIC1>B</Q5PIC1>
        <Q5TX40>Standard view for sorting order 4</Q5TX40>
        <Q5TX15>Std view srt 4</Q5TX15>
        <Q5QTTP>04</Q5QTTP>
        <Q5COID>04</Q5COID>
        <Q5FLDI>F1PK02</Q5FLDI>
        <Q5FLTY>A</Q5FLTY>
        <Q5MSID>WPK02C0</Q5MSID>
        <Q5FLDL>00030</Q5FLDL>
        <Q5FLLU>00000</Q5FLLU>
        <Q5FNDC>0</Q5FNDC>
        <Q5UNDC></Q5UNDC>
        <Q5ECDE></Q5ECDE>
        <Q5ECDU></Q5ECDU>
        <Q5SMFL>0</Q5SMFL>
        <Q5MXAV>0000000000000</Q5MXAV>
        <Q5SUMA>0</Q5SUMA>
        <Q5OMAX>0</Q5OMAX>
        <Q5SOSQ>000</Q5SOSQ>
        <Q5FDCA></Q5FDCA>
        <Q5DCNY>0</Q5DCNY>
        <Q5UDCN></Q5UDCN>
        <Q5EDFL>0</Q5EDFL>
        <Q5AGDR>00</Q5AGDR>
        <Q5AGUR>0</Q5AGUR>
        <Q5SUBR>0</Q5SUBR>
        <Q5DTFR></Q5DTFR>
        <Q5DCFM></Q5DCFM>
        <Q5DDBX>0</Q5DDBX>
        <Q5ATRA>0</Q5ATRA></Fields></Add>
    <Add>
      <APIProgram>CRS020MI</APIProgram>
      <Transaction>UpdPanelVerCol</Transaction>
      <Fields>
        <Q5PGNM>CMS100</Q5PGNM>
        <Q5IBCA>V_SCRIPT2</Q5IBCA>
        <Q5RESP></Q5RESP>
        <Q5PAVR>STD04-00</Q5PAVR>
        <Q5PIC1>B</Q5PIC1>
        <Q5TX40>Standard view for sorting order 4</Q5TX40>
        <Q5TX15>Std view srt 4</Q5TX15>
        <Q5QTTP>04</Q5QTTP>
        <Q5COID>05</Q5COID>
        <Q5FLDI>F1PK03</Q5FLDI>
        <Q5FLTY>A</Q5FLTY>
        <Q5MSID>WPK03C0</Q5MSID>
        <Q5FLDL>00030</Q5FLDL>
        <Q5FLLU>00000</Q5FLLU>
        <Q5FNDC>0</Q5FNDC>
        <Q5UNDC></Q5UNDC>
        <Q5ECDE></Q5ECDE>
        <Q5ECDU></Q5ECDU>
        <Q5SMFL>0</Q5SMFL>
        <Q5MXAV>0000000000000</Q5MXAV>
        <Q5SUMA>0</Q5SUMA>
        <Q5OMAX>0</Q5OMAX>
        <Q5SOSQ>000</Q5SOSQ>
        <Q5FDCA></Q5FDCA>
        <Q5DCNY>0</Q5DCNY>
        <Q5UDCN></Q5UDCN>
        <Q5EDFL>0</Q5EDFL>
        <Q5AGDR>00</Q5AGDR>
        <Q5AGUR>0</Q5AGUR>
        <Q5SUBR>0</Q5SUBR>
        <Q5DTFR></Q5DTFR>
        <Q5DCFM></Q5DCFM>
        <Q5DDBX>0</Q5DDBX>
        <Q5ATRA>0</Q5ATRA></Fields></Add>
    <Add>
      <APIProgram>CRS020MI</APIProgram>
      <Transaction>UpdPanelVerCol</Transaction>
      <Fields>
        <Q5PGNM>CMS100</Q5PGNM>
        <Q5IBCA>V_SCRIPT2</Q5IBCA>
        <Q5RESP></Q5RESP>
        <Q5PAVR>STD04-00</Q5PAVR>
        <Q5PIC1>B</Q5PIC1>
        <Q5TX40>Standard view for sorting order 4</Q5TX40>
        <Q5TX15>Std view srt 4</Q5TX15>
        <Q5QTTP>04</Q5QTTP>
        <Q5COID>06</Q5COID>
        <Q5FLDI>F1PK05</Q5FLDI>
        <Q5FLTY>A</Q5FLTY>
        <Q5MSID>WPK05C0</Q5MSID>
        <Q5FLDL>00030</Q5FLDL>
        <Q5FLLU>00000</Q5FLLU>
        <Q5FNDC>0</Q5FNDC>
        <Q5UNDC></Q5UNDC>
        <Q5ECDE></Q5ECDE>
        <Q5ECDU></Q5ECDU>
        <Q5SMFL>0</Q5SMFL>
        <Q5MXAV>0000000000000</Q5MXAV>
        <Q5SUMA>0</Q5SUMA>
        <Q5OMAX>0</Q5OMAX>
        <Q5SOSQ>000</Q5SOSQ>
        <Q5FDCA></Q5FDCA>
        <Q5DCNY>0</Q5DCNY>
        <Q5UDCN></Q5UDCN>
        <Q5EDFL>0</Q5EDFL>
        <Q5AGDR>00</Q5AGDR>
        <Q5AGUR>0</Q5AGUR>
        <Q5SUBR>0</Q5SUBR>
        <Q5DTFR></Q5DTFR>
        <Q5DCFM></Q5DCFM>
        <Q5DDBX>0</Q5DDBX>
        <Q5ATRA>0</Q5ATRA></Fields></Add>
    <Add>
      <APIProgram>CRS020MI</APIProgram>
      <Transaction>UpdPanelVerCol</Transaction>
      <Fields>
        <Q5PGNM>CMS100</Q5PGNM>
        <Q5IBCA>V_SCRIPT2</Q5IBCA>
        <Q5RESP></Q5RESP>
        <Q5PAVR>STD04-00</Q5PAVR>
        <Q5PIC1>B</Q5PIC1>
        <Q5TX40>Standard view for sorting order 4</Q5TX40>
        <Q5TX15>Std view srt 4</Q5TX15>
        <Q5QTTP>04</Q5QTTP>
        <Q5COID>07</Q5COID>
        <Q5FLDI>F1PK06</Q5FLDI>
        <Q5FLTY>A</Q5FLTY>
        <Q5MSID>WPK06C0</Q5MSID>
        <Q5FLDL>00030</Q5FLDL>
        <Q5FLLU>00000</Q5FLLU>
        <Q5FNDC>0</Q5FNDC>
        <Q5UNDC></Q5UNDC>
        <Q5ECDE></Q5ECDE>
        <Q5ECDU></Q5ECDU>
        <Q5SMFL>0</Q5SMFL>
        <Q5MXAV>0000000000000</Q5MXAV>
        <Q5SUMA>0</Q5SUMA>
        <Q5OMAX>0</Q5OMAX>
        <Q5SOSQ>000</Q5SOSQ>
        <Q5FDCA></Q5FDCA>
        <Q5DCNY>0</Q5DCNY>
        <Q5UDCN></Q5UDCN>
        <Q5EDFL>0</Q5EDFL>
        <Q5AGDR>00</Q5AGDR>
        <Q5AGUR>0</Q5AGUR>
        <Q5SUBR>0</Q5SUBR>
        <Q5DTFR></Q5DTFR>
        <Q5DCFM></Q5DCFM>
        <Q5DDBX>0</Q5DDBX>
        <Q5ATRA>0</Q5ATRA></Fields></Add>
    <Add>
      <APIProgram>CRS020MI</APIProgram>
      <Transaction>UpdPanelVerCol</Transaction>
      <Fields>
        <Q5PGNM>CMS100</Q5PGNM>
        <Q5IBCA>V_SCRIPT2</Q5IBCA>
        <Q5RESP></Q5RESP>
        <Q5PAVR>STD04-00</Q5PAVR>
        <Q5PIC1>B</Q5PIC1>
        <Q5TX40>Standard view for sorting order 4</Q5TX40>
        <Q5TX15>Std view srt 4</Q5TX15>
        <Q5QTTP>04</Q5QTTP>
        <Q5COID>08</Q5COID>
        <Q5FLDI>F1PK07</Q5FLDI>
        <Q5FLTY>A</Q5FLTY>
        <Q5MSID>WPK07C0</Q5MSID>
        <Q5FLDL>00030</Q5FLDL>
        <Q5FLLU>00000</Q5FLLU>
        <Q5FNDC>0</Q5FNDC>
        <Q5UNDC></Q5UNDC>
        <Q5ECDE></Q5ECDE>
        <Q5ECDU></Q5ECDU>
        <Q5SMFL>0</Q5SMFL>
        <Q5MXAV>0000000000000</Q5MXAV>
        <Q5SUMA>0</Q5SUMA>
        <Q5OMAX>0</Q5OMAX>
        <Q5SOSQ>000</Q5SOSQ>
        <Q5FDCA></Q5FDCA>
        <Q5DCNY>0</Q5DCNY>
        <Q5UDCN></Q5UDCN>
        <Q5EDFL>0</Q5EDFL>
        <Q5AGDR>00</Q5AGDR>
        <Q5AGUR>0</Q5AGUR>
        <Q5SUBR>0</Q5SUBR>
        <Q5DTFR></Q5DTFR>
        <Q5DCFM></Q5DCFM>
        <Q5DDBX>0</Q5DDBX>
        <Q5ATRA>0</Q5ATRA></Fields></Add>
    <Delete>
      <APIProgram>CRS020MI</APIProgram>
      <Transaction>DelPanelVersion</Transaction>
      <Fields>
        <Q4PGNM>CMS100</Q4PGNM>
        <Q4RESP></Q4RESP>
        <Q4PAVR>STD05-00</Q4PAVR>
        <Q4PIC1>B</Q4PIC1>
        <Q4IBCA>V_SCRIPT2</Q4IBCA></Fields></Delete>
    <Add>
      <APIProgram>CRS020MI</APIProgram>
      <Transaction>UpdPanelVerCol</Transaction>
      <Fields>
        <Q5PGNM>CMS100</Q5PGNM>
        <Q5IBCA>V_SCRIPT2</Q5IBCA>
        <Q5RESP></Q5RESP>
        <Q5PAVR>STD05-00</Q5PAVR>
        <Q5PIC1>B</Q5PIC1>
        <Q5TX40>Standard view for sorting order 5</Q5TX40>
        <Q5TX15>Std view srt 5</Q5TX15>
        <Q5QTTP>05</Q5QTTP>
        <Q5COID>01</Q5COID>
        <Q5FLDI>F1FILE</Q5FLDI>
        <Q5FLTY>A</Q5FLTY>
        <Q5MSID>WFI05C0</Q5MSID>
        <Q5FLDL>00010</Q5FLDL>
        <Q5FLLU>00000</Q5FLLU>
        <Q5FNDC>0</Q5FNDC>
        <Q5UNDC></Q5UNDC>
        <Q5ECDE></Q5ECDE>
        <Q5ECDU></Q5ECDU>
        <Q5SMFL>0</Q5SMFL>
        <Q5MXAV>0000000000000</Q5MXAV>
        <Q5SUMA>0</Q5SUMA>
        <Q5OMAX>0</Q5OMAX>
        <Q5SOSQ>000</Q5SOSQ>
        <Q5FDCA></Q5FDCA>
        <Q5DCNY>0</Q5DCNY>
        <Q5UDCN></Q5UDCN>
        <Q5EDFL>0</Q5EDFL>
        <Q5AGDR>00</Q5AGDR>
        <Q5AGUR>0</Q5AGUR>
        <Q5SUBR>2</Q5SUBR>
        <Q5DTFR></Q5DTFR>
        <Q5DCFM></Q5DCFM>
        <Q5DDBX>0</Q5DDBX>
        <Q5ATRA>0</Q5ATRA></Fields></Add>
    <Add>
      <APIProgram>CRS020MI</APIProgram>
      <Transaction>UpdPanelVerCol</Transaction>
      <Fields>
        <Q5PGNM>CMS100</Q5PGNM>
        <Q5IBCA>V_SCRIPT2</Q5IBCA>
        <Q5RESP></Q5RESP>
        <Q5PAVR>STD05-00</Q5PAVR>
        <Q5PIC1>B</Q5PIC1>
        <Q5TX40>Standard view for sorting order 5</Q5TX40>
        <Q5TX15>Std view srt 5</Q5TX15>
        <Q5QTTP>05</Q5QTTP>
        <Q5COID>02</Q5COID>
        <Q5FLDI>F1PK01</Q5FLDI>
        <Q5FLTY>A</Q5FLTY>
        <Q5MSID>WPK01C0</Q5MSID>
        <Q5FLDL>00030</Q5FLDL>
        <Q5FLLU>00000</Q5FLLU>
        <Q5FNDC>0</Q5FNDC>
        <Q5UNDC></Q5UNDC>
        <Q5ECDE></Q5ECDE>
        <Q5ECDU></Q5ECDU>
        <Q5SMFL>0</Q5SMFL>
        <Q5MXAV>0000000000000</Q5MXAV>
        <Q5SUMA>0</Q5SUMA>
        <Q5OMAX>0</Q5OMAX>
        <Q5SOSQ>000</Q5SOSQ>
        <Q5FDCA></Q5FDCA>
        <Q5DCNY>0</Q5DCNY>
        <Q5UDCN></Q5UDCN>
        <Q5EDFL>0</Q5EDFL>
        <Q5AGDR>00</Q5AGDR>
        <Q5AGUR>0</Q5AGUR>
        <Q5SUBR>0</Q5SUBR>
        <Q5DTFR></Q5DTFR>
        <Q5DCFM></Q5DCFM>
        <Q5DDBX>0</Q5DDBX>
        <Q5ATRA>0</Q5ATRA></Fields></Add>
    <Add>
      <APIProgram>CRS020MI</APIProgram>
      <Transaction>UpdPanelVerCol</Transaction>
      <Fields>
        <Q5PGNM>CMS100</Q5PGNM>
        <Q5IBCA>V_SCRIPT2</Q5IBCA>
        <Q5RESP></Q5RESP>
        <Q5PAVR>STD05-00</Q5PAVR>
        <Q5PIC1>B</Q5PIC1>
        <Q5TX40>Standard view for sorting order 5</Q5TX40>
        <Q5TX15>Std view srt 5</Q5TX15>
        <Q5QTTP>05</Q5QTTP>
        <Q5COID>03</Q5COID>
        <Q5FLDI>F1PK02</Q5FLDI>
        <Q5FLTY>A</Q5FLTY>
        <Q5MSID>WPK02C0</Q5MSID>
        <Q5FLDL>00030</Q5FLDL>
        <Q5FLLU>00000</Q5FLLU>
        <Q5FNDC>0</Q5FNDC>
        <Q5UNDC></Q5UNDC>
        <Q5ECDE></Q5ECDE>
        <Q5ECDU></Q5ECDU>
        <Q5SMFL>0</Q5SMFL>
        <Q5MXAV>0000000000000</Q5MXAV>
        <Q5SUMA>0</Q5SUMA>
        <Q5OMAX>0</Q5OMAX>
        <Q5SOSQ>000</Q5SOSQ>
        <Q5FDCA></Q5FDCA>
        <Q5DCNY>0</Q5DCNY>
        <Q5UDCN></Q5UDCN>
        <Q5EDFL>0</Q5EDFL>
        <Q5AGDR>00</Q5AGDR>
        <Q5AGUR>0</Q5AGUR>
        <Q5SUBR>0</Q5SUBR>
        <Q5DTFR></Q5DTFR>
        <Q5DCFM></Q5DCFM>
        <Q5DDBX>0</Q5DDBX>
        <Q5ATRA>0</Q5ATRA></Fields></Add>
    <Add>
      <APIProgram>CRS020MI</APIProgram>
      <Transaction>UpdPanelVerCol</Transaction>
      <Fields>
        <Q5PGNM>CMS100</Q5PGNM>
        <Q5IBCA>V_SCRIPT2</Q5IBCA>
        <Q5RESP></Q5RESP>
        <Q5PAVR>STD05-00</Q5PAVR>
        <Q5PIC1>B</Q5PIC1>
        <Q5TX40>Standard view for sorting order 5</Q5TX40>
        <Q5TX15>Std view srt 5</Q5TX15>
        <Q5QTTP>05</Q5QTTP>
        <Q5COID>04</Q5COID>
        <Q5FLDI>F1PK03</Q5FLDI>
        <Q5FLTY>A</Q5FLTY>
        <Q5MSID>WPK03C0</Q5MSID>
        <Q5FLDL>00030</Q5FLDL>
        <Q5FLLU>00000</Q5FLLU>
        <Q5FNDC>0</Q5FNDC>
        <Q5UNDC></Q5UNDC>
        <Q5ECDE></Q5ECDE>
        <Q5ECDU></Q5ECDU>
        <Q5SMFL>0</Q5SMFL>
        <Q5MXAV>0000000000000</Q5MXAV>
        <Q5SUMA>0</Q5SUMA>
        <Q5OMAX>0</Q5OMAX>
        <Q5SOSQ>000</Q5SOSQ>
        <Q5FDCA></Q5FDCA>
        <Q5DCNY>0</Q5DCNY>
        <Q5UDCN></Q5UDCN>
        <Q5EDFL>0</Q5EDFL>
        <Q5AGDR>00</Q5AGDR>
        <Q5AGUR>0</Q5AGUR>
        <Q5SUBR>0</Q5SUBR>
        <Q5DTFR></Q5DTFR>
        <Q5DCFM></Q5DCFM>
        <Q5DDBX>0</Q5DDBX>
        <Q5ATRA>0</Q5ATRA></Fields></Add>
    <Add>
      <APIProgram>CRS020MI</APIProgram>
      <Transaction>UpdPanelVerCol</Transaction>
      <Fields>
        <Q5PGNM>CMS100</Q5PGNM>
        <Q5IBCA>V_SCRIPT2</Q5IBCA>
        <Q5RESP></Q5RESP>
        <Q5PAVR>STD05-00</Q5PAVR>
        <Q5PIC1>B</Q5PIC1>
        <Q5TX40>Standard view for sorting order 5</Q5TX40>
        <Q5TX15>Std view srt 5</Q5TX15>
        <Q5QTTP>05</Q5QTTP>
        <Q5COID>05</Q5COID>
        <Q5FLDI>F1PK04</Q5FLDI>
        <Q5FLTY>A</Q5FLTY>
        <Q5MSID>WPK04C0</Q5MSID>
        <Q5FLDL>00030</Q5FLDL>
        <Q5FLLU>00000</Q5FLLU>
        <Q5FNDC>0</Q5FNDC>
        <Q5UNDC></Q5UNDC>
        <Q5ECDE></Q5ECDE>
        <Q5ECDU></Q5ECDU>
        <Q5SMFL>0</Q5SMFL>
        <Q5MXAV>0000000000000</Q5MXAV>
        <Q5SUMA>0</Q5SUMA>
        <Q5OMAX>0</Q5OMAX>
        <Q5SOSQ>000</Q5SOSQ>
        <Q5FDCA></Q5FDCA>
        <Q5DCNY>0</Q5DCNY>
        <Q5UDCN></Q5UDCN>
        <Q5EDFL>0</Q5EDFL>
        <Q5AGDR>00</Q5AGDR>
        <Q5AGUR>0</Q5AGUR>
        <Q5SUBR>0</Q5SUBR>
        <Q5DTFR></Q5DTFR>
        <Q5DCFM></Q5DCFM>
        <Q5DDBX>0</Q5DDBX>
        <Q5ATRA>0</Q5ATRA></Fields></Add>
    <Add>
      <APIProgram>CRS020MI</APIProgram>
      <Transaction>UpdPanelVerCol</Transaction>
      <Fields>
        <Q5PGNM>CMS100</Q5PGNM>
        <Q5IBCA>V_SCRIPT2</Q5IBCA>
        <Q5RESP></Q5RESP>
        <Q5PAVR>STD05-00</Q5PAVR>
        <Q5PIC1>B</Q5PIC1>
        <Q5TX40>Standard view for sorting order 5</Q5TX40>
        <Q5TX15>Std view srt 5</Q5TX15>
        <Q5QTTP>05</Q5QTTP>
        <Q5COID>06</Q5COID>
        <Q5FLDI>F1PK05</Q5FLDI>
        <Q5FLTY>A</Q5FLTY>
        <Q5MSID>WPK05C0</Q5MSID>
        <Q5FLDL>00030</Q5FLDL>
        <Q5FLLU>00000</Q5FLLU>
        <Q5FNDC>0</Q5FNDC>
        <Q5UNDC></Q5UNDC>
        <Q5ECDE></Q5ECDE>
        <Q5ECDU></Q5ECDU>
        <Q5SMFL>0</Q5SMFL>
        <Q5MXAV>0000000000000</Q5MXAV>
        <Q5SUMA>0</Q5SUMA>
        <Q5OMAX>0</Q5OMAX>
        <Q5SOSQ>000</Q5SOSQ>
        <Q5FDCA></Q5FDCA>
        <Q5DCNY>0</Q5DCNY>
        <Q5UDCN></Q5UDCN>
        <Q5EDFL>0</Q5EDFL>
        <Q5AGDR>00</Q5AGDR>
        <Q5AGUR>0</Q5AGUR>
        <Q5SUBR>0</Q5SUBR>
        <Q5DTFR></Q5DTFR>
        <Q5DCFM></Q5DCFM>
        <Q5DDBX>0</Q5DDBX>
        <Q5ATRA>0</Q5ATRA></Fields></Add>
    <Add>
      <APIProgram>CRS020MI</APIProgram>
      <Transaction>UpdPanelVerCol</Transaction>
      <Fields>
        <Q5PGNM>CMS100</Q5PGNM>
        <Q5IBCA>V_SCRIPT2</Q5IBCA>
        <Q5RESP></Q5RESP>
        <Q5PAVR>STD05-00</Q5PAVR>
        <Q5PIC1>B</Q5PIC1>
        <Q5TX40>Standard view for sorting order 5</Q5TX40>
        <Q5TX15>Std view srt 5</Q5TX15>
        <Q5QTTP>05</Q5QTTP>
        <Q5COID>07</Q5COID>
        <Q5FLDI>F1PK06</Q5FLDI>
        <Q5FLTY>A</Q5FLTY>
        <Q5MSID>WPK06C0</Q5MSID>
        <Q5FLDL>00030</Q5FLDL>
        <Q5FLLU>00000</Q5FLLU>
        <Q5FNDC>0</Q5FNDC>
        <Q5UNDC></Q5UNDC>
        <Q5ECDE></Q5ECDE>
        <Q5ECDU></Q5ECDU>
        <Q5SMFL>0</Q5SMFL>
        <Q5MXAV>0000000000000</Q5MXAV>
        <Q5SUMA>0</Q5SUMA>
        <Q5OMAX>0</Q5OMAX>
        <Q5SOSQ>000</Q5SOSQ>
        <Q5FDCA></Q5FDCA>
        <Q5DCNY>0</Q5DCNY>
        <Q5UDCN></Q5UDCN>
        <Q5EDFL>0</Q5EDFL>
        <Q5AGDR>00</Q5AGDR>
        <Q5AGUR>0</Q5AGUR>
        <Q5SUBR>0</Q5SUBR>
        <Q5DTFR></Q5DTFR>
        <Q5DCFM></Q5DCFM>
        <Q5DDBX>0</Q5DDBX>
        <Q5ATRA>0</Q5ATRA></Fields></Add>
    <Add>
      <APIProgram>CRS020MI</APIProgram>
      <Transaction>UpdPanelVerCol</Transaction>
      <Fields>
        <Q5PGNM>CMS100</Q5PGNM>
        <Q5IBCA>V_SCRIPT2</Q5IBCA>
        <Q5RESP></Q5RESP>
        <Q5PAVR>STD05-00</Q5PAVR>
        <Q5PIC1>B</Q5PIC1>
        <Q5TX40>Standard view for sorting order 5</Q5TX40>
        <Q5TX15>Std view srt 5</Q5TX15>
        <Q5QTTP>05</Q5QTTP>
        <Q5COID>08</Q5COID>
        <Q5FLDI>F1PK07</Q5FLDI>
        <Q5FLTY>A</Q5FLTY>
        <Q5MSID>WPK07C0</Q5MSID>
        <Q5FLDL>00030</Q5FLDL>
        <Q5FLLU>00000</Q5FLLU>
        <Q5FNDC>0</Q5FNDC>
        <Q5UNDC></Q5UNDC>
        <Q5ECDE></Q5ECDE>
        <Q5ECDU></Q5ECDU>
        <Q5SMFL>0</Q5SMFL>
        <Q5MXAV>0000000000000</Q5MXAV>
        <Q5SUMA>0</Q5SUMA>
        <Q5OMAX>0</Q5OMAX>
        <Q5SOSQ>000</Q5SOSQ>
        <Q5FDCA></Q5FDCA>
        <Q5DCNY>0</Q5DCNY>
        <Q5UDCN></Q5UDCN>
        <Q5EDFL>0</Q5EDFL>
        <Q5AGDR>00</Q5AGDR>
        <Q5AGUR>0</Q5AGUR>
        <Q5SUBR>0</Q5SUBR>
        <Q5DTFR></Q5DTFR>
        <Q5DCFM></Q5DCFM>
        <Q5DDBX>0</Q5DDBX>
        <Q5ATRA>0</Q5ATRA></Fields></Add>
    <Delete>
      <APIProgram>CRS020MI</APIProgram>
      <Transaction>DelPanelVersion</Transaction>
      <Fields>
        <Q4PGNM>CMS100</Q4PGNM>
        <Q4RESP></Q4RESP>
        <Q4PAVR>STD06-00</Q4PAVR>
        <Q4PIC1>B</Q4PIC1>
        <Q4IBCA>V_SCRIPT2</Q4IBCA></Fields></Delete>
    <Add>
      <APIProgram>CRS020MI</APIProgram>
      <Transaction>UpdPanelVerCol</Transaction>
      <Fields>
        <Q5PGNM>CMS100</Q5PGNM>
        <Q5IBCA>V_SCRIPT2</Q5IBCA>
        <Q5RESP></Q5RESP>
        <Q5PAVR>STD06-00</Q5PAVR>
        <Q5PIC1>B</Q5PIC1>
        <Q5TX40>Standard view for sorting order 6</Q5TX40>
        <Q5TX15>Std view srt 6</Q5TX15>
        <Q5QTTP>06</Q5QTTP>
        <Q5COID>01</Q5COID>
        <Q5FLDI>F1FILE</Q5FLDI>
        <Q5FLTY>A</Q5FLTY>
        <Q5MSID>WFI05C0</Q5MSID>
        <Q5FLDL>00010</Q5FLDL>
        <Q5FLLU>00000</Q5FLLU>
        <Q5FNDC>0</Q5FNDC>
        <Q5UNDC></Q5UNDC>
        <Q5ECDE></Q5ECDE>
        <Q5ECDU></Q5ECDU>
        <Q5SMFL>0</Q5SMFL>
        <Q5MXAV>0000000000000</Q5MXAV>
        <Q5SUMA>0</Q5SUMA>
        <Q5OMAX>0</Q5OMAX>
        <Q5SOSQ>000</Q5SOSQ>
        <Q5FDCA></Q5FDCA>
        <Q5DCNY>0</Q5DCNY>
        <Q5UDCN></Q5UDCN>
        <Q5EDFL>0</Q5EDFL>
        <Q5AGDR>00</Q5AGDR>
        <Q5AGUR>0</Q5AGUR>
        <Q5SUBR>2</Q5SUBR>
        <Q5DTFR></Q5DTFR>
        <Q5DCFM></Q5DCFM>
        <Q5DDBX>0</Q5DDBX>
        <Q5ATRA>0</Q5ATRA></Fields></Add>
    <Add>
      <APIProgram>CRS020MI</APIProgram>
      <Transaction>UpdPanelVerCol</Transaction>
      <Fields>
        <Q5PGNM>CMS100</Q5PGNM>
        <Q5IBCA>V_SCRIPT2</Q5IBCA>
        <Q5RESP></Q5RESP>
        <Q5PAVR>STD06-00</Q5PAVR>
        <Q5PIC1>B</Q5PIC1>
        <Q5TX40>Standard view for sorting order 6</Q5TX40>
        <Q5TX15>Std view srt 6</Q5TX15>
        <Q5QTTP>06</Q5QTTP>
        <Q5COID>02</Q5COID>
        <Q5FLDI>F1PK01</Q5FLDI>
        <Q5FLTY>A</Q5FLTY>
        <Q5MSID>WPK01C0</Q5MSID>
        <Q5FLDL>00030</Q5FLDL>
        <Q5FLLU>00000</Q5FLLU>
        <Q5FNDC>0</Q5FNDC>
        <Q5UNDC></Q5UNDC>
        <Q5ECDE></Q5ECDE>
        <Q5ECDU></Q5ECDU>
        <Q5SMFL>0</Q5SMFL>
        <Q5MXAV>0000000000000</Q5MXAV>
        <Q5SUMA>0</Q5SUMA>
        <Q5OMAX>0</Q5OMAX>
        <Q5SOSQ>000</Q5SOSQ>
        <Q5FDCA></Q5FDCA>
        <Q5DCNY>0</Q5DCNY>
        <Q5UDCN></Q5UDCN>
        <Q5EDFL>0</Q5EDFL>
        <Q5AGDR>00</Q5AGDR>
        <Q5AGUR>0</Q5AGUR>
        <Q5SUBR>0</Q5SUBR>
        <Q5DTFR></Q5DTFR>
        <Q5DCFM></Q5DCFM>
        <Q5DDBX>0</Q5DDBX>
        <Q5ATRA>0</Q5ATRA></Fields></Add>
    <Add>
      <APIProgram>CRS020MI</APIProgram>
      <Transaction>UpdPanelVerCol</Transaction>
      <Fields>
        <Q5PGNM>CMS100</Q5PGNM>
        <Q5IBCA>V_SCRIPT2</Q5IBCA>
        <Q5RESP></Q5RESP>
        <Q5PAVR>STD06-00</Q5PAVR>
        <Q5PIC1>B</Q5PIC1>
        <Q5TX40>Standard view for sorting order 6</Q5TX40>
        <Q5TX15>Std view srt 6</Q5TX15>
        <Q5QTTP>06</Q5QTTP>
        <Q5COID>03</Q5COID>
        <Q5FLDI>F1PK02</Q5FLDI>
        <Q5FLTY>A</Q5FLTY>
        <Q5MSID>WPK02C0</Q5MSID>
        <Q5FLDL>00030</Q5FLDL>
        <Q5FLLU>00000</Q5FLLU>
        <Q5FNDC>0</Q5FNDC>
        <Q5UNDC></Q5UNDC>
        <Q5ECDE></Q5ECDE>
        <Q5ECDU></Q5ECDU>
        <Q5SMFL>0</Q5SMFL>
        <Q5MXAV>0000000000000</Q5MXAV>
        <Q5SUMA>0</Q5SUMA>
        <Q5OMAX>0</Q5OMAX>
        <Q5SOSQ>000</Q5SOSQ>
        <Q5FDCA></Q5FDCA>
        <Q5DCNY>0</Q5DCNY>
        <Q5UDCN></Q5UDCN>
        <Q5EDFL>0</Q5EDFL>
        <Q5AGDR>00</Q5AGDR>
        <Q5AGUR>0</Q5AGUR>
        <Q5SUBR>0</Q5SUBR>
        <Q5DTFR></Q5DTFR>
        <Q5DCFM></Q5DCFM>
        <Q5DDBX>0</Q5DDBX>
        <Q5ATRA>0</Q5ATRA></Fields></Add>
    <Add>
      <APIProgram>CRS020MI</APIProgram>
      <Transaction>UpdPanelVerCol</Transaction>
      <Fields>
        <Q5PGNM>CMS100</Q5PGNM>
        <Q5IBCA>V_SCRIPT2</Q5IBCA>
        <Q5RESP></Q5RESP>
        <Q5PAVR>STD06-00</Q5PAVR>
        <Q5PIC1>B</Q5PIC1>
        <Q5TX40>Standard view for sorting order 6</Q5TX40>
        <Q5TX15>Std view srt 6</Q5TX15>
        <Q5QTTP>06</Q5QTTP>
        <Q5COID>04</Q5COID>
        <Q5FLDI>F1PK03</Q5FLDI>
        <Q5FLTY>A</Q5FLTY>
        <Q5MSID>WPK03C0</Q5MSID>
        <Q5FLDL>00030</Q5FLDL>
        <Q5FLLU>00000</Q5FLLU>
        <Q5FNDC>0</Q5FNDC>
        <Q5UNDC></Q5UNDC>
        <Q5ECDE></Q5ECDE>
        <Q5ECDU></Q5ECDU>
        <Q5SMFL>0</Q5SMFL>
        <Q5MXAV>0000000000000</Q5MXAV>
        <Q5SUMA>0</Q5SUMA>
        <Q5OMAX>0</Q5OMAX>
        <Q5SOSQ>000</Q5SOSQ>
        <Q5FDCA></Q5FDCA>
        <Q5DCNY>0</Q5DCNY>
        <Q5UDCN></Q5UDCN>
        <Q5EDFL>0</Q5EDFL>
        <Q5AGDR>00</Q5AGDR>
        <Q5AGUR>0</Q5AGUR>
        <Q5SUBR>0</Q5SUBR>
        <Q5DTFR></Q5DTFR>
        <Q5DCFM></Q5DCFM>
        <Q5DDBX>0</Q5DDBX>
        <Q5ATRA>0</Q5ATRA></Fields></Add>
    <Add>
      <APIProgram>CRS020MI</APIProgram>
      <Transaction>UpdPanelVerCol</Transaction>
      <Fields>
        <Q5PGNM>CMS100</Q5PGNM>
        <Q5IBCA>V_SCRIPT2</Q5IBCA>
        <Q5RESP></Q5RESP>
        <Q5PAVR>STD06-00</Q5PAVR>
        <Q5PIC1>B</Q5PIC1>
        <Q5TX40>Standard view for sorting order 6</Q5TX40>
        <Q5TX15>Std view srt 6</Q5TX15>
        <Q5QTTP>06</Q5QTTP>
        <Q5COID>05</Q5COID>
        <Q5FLDI>F1PK04</Q5FLDI>
        <Q5FLTY>A</Q5FLTY>
        <Q5MSID>WPK04C0</Q5MSID>
        <Q5FLDL>00030</Q5FLDL>
        <Q5FLLU>00000</Q5FLLU>
        <Q5FNDC>0</Q5FNDC>
        <Q5UNDC></Q5UNDC>
        <Q5ECDE></Q5ECDE>
        <Q5ECDU></Q5ECDU>
        <Q5SMFL>0</Q5SMFL>
        <Q5MXAV>0000000000000</Q5MXAV>
        <Q5SUMA>0</Q5SUMA>
        <Q5OMAX>0</Q5OMAX>
        <Q5SOSQ>000</Q5SOSQ>
        <Q5FDCA></Q5FDCA>
        <Q5DCNY>0</Q5DCNY>
        <Q5UDCN></Q5UDCN>
        <Q5EDFL>0</Q5EDFL>
        <Q5AGDR>00</Q5AGDR>
        <Q5AGUR>0</Q5AGUR>
        <Q5SUBR>0</Q5SUBR>
        <Q5DTFR></Q5DTFR>
        <Q5DCFM></Q5DCFM>
        <Q5DDBX>0</Q5DDBX>
        <Q5ATRA>0</Q5ATRA></Fields></Add>
    <Add>
      <APIProgram>CRS020MI</APIProgram>
      <Transaction>UpdPanelVerCol</Transaction>
      <Fields>
        <Q5PGNM>CMS100</Q5PGNM>
        <Q5IBCA>V_SCRIPT2</Q5IBCA>
        <Q5RESP></Q5RESP>
        <Q5PAVR>STD06-00</Q5PAVR>
        <Q5PIC1>B</Q5PIC1>
        <Q5TX40>Standard view for sorting order 6</Q5TX40>
        <Q5TX15>Std view srt 6</Q5TX15>
        <Q5QTTP>06</Q5QTTP>
        <Q5COID>06</Q5COID>
        <Q5FLDI>F1PK05</Q5FLDI>
        <Q5FLTY>A</Q5FLTY>
        <Q5MSID>WPK05C0</Q5MSID>
        <Q5FLDL>00030</Q5FLDL>
        <Q5FLLU>00000</Q5FLLU>
        <Q5FNDC>0</Q5FNDC>
        <Q5UNDC></Q5UNDC>
        <Q5ECDE></Q5ECDE>
        <Q5ECDU></Q5ECDU>
        <Q5SMFL>0</Q5SMFL>
        <Q5MXAV>0000000000000</Q5MXAV>
        <Q5SUMA>0</Q5SUMA>
        <Q5OMAX>0</Q5OMAX>
        <Q5SOSQ>000</Q5SOSQ>
        <Q5FDCA></Q5FDCA>
        <Q5DCNY>0</Q5DCNY>
        <Q5UDCN></Q5UDCN>
        <Q5EDFL>0</Q5EDFL>
        <Q5AGDR>00</Q5AGDR>
        <Q5AGUR>0</Q5AGUR>
        <Q5SUBR>0</Q5SUBR>
        <Q5DTFR></Q5DTFR>
        <Q5DCFM></Q5DCFM>
        <Q5DDBX>0</Q5DDBX>
        <Q5ATRA>0</Q5ATRA></Fields></Add>
    <Add>
      <APIProgram>CRS020MI</APIProgram>
      <Transaction>UpdPanelVerCol</Transaction>
      <Fields>
        <Q5PGNM>CMS100</Q5PGNM>
        <Q5IBCA>V_SCRIPT2</Q5IBCA>
        <Q5RESP></Q5RESP>
        <Q5PAVR>STD06-00</Q5PAVR>
        <Q5PIC1>B</Q5PIC1>
        <Q5TX40>Standard view for sorting order 6</Q5TX40>
        <Q5TX15>Std view srt 6</Q5TX15>
        <Q5QTTP>06</Q5QTTP>
        <Q5COID>07</Q5COID>
        <Q5FLDI>F1PK06</Q5FLDI>
        <Q5FLTY>A</Q5FLTY>
        <Q5MSID>WPK06C0</Q5MSID>
        <Q5FLDL>00030</Q5FLDL>
        <Q5FLLU>00000</Q5FLLU>
        <Q5FNDC>0</Q5FNDC>
        <Q5UNDC></Q5UNDC>
        <Q5ECDE></Q5ECDE>
        <Q5ECDU></Q5ECDU>
        <Q5SMFL>0</Q5SMFL>
        <Q5MXAV>0000000000000</Q5MXAV>
        <Q5SUMA>0</Q5SUMA>
        <Q5OMAX>0</Q5OMAX>
        <Q5SOSQ>000</Q5SOSQ>
        <Q5FDCA></Q5FDCA>
        <Q5DCNY>0</Q5DCNY>
        <Q5UDCN></Q5UDCN>
        <Q5EDFL>0</Q5EDFL>
        <Q5AGDR>00</Q5AGDR>
        <Q5AGUR>0</Q5AGUR>
        <Q5SUBR>0</Q5SUBR>
        <Q5DTFR></Q5DTFR>
        <Q5DCFM></Q5DCFM>
        <Q5DDBX>0</Q5DDBX>
        <Q5ATRA>0</Q5ATRA></Fields></Add>
    <Add>
      <APIProgram>CRS020MI</APIProgram>
      <Transaction>UpdPanelVerCol</Transaction>
      <Fields>
        <Q5PGNM>CMS100</Q5PGNM>
        <Q5IBCA>V_SCRIPT2</Q5IBCA>
        <Q5RESP></Q5RESP>
        <Q5PAVR>STD06-00</Q5PAVR>
        <Q5PIC1>B</Q5PIC1>
        <Q5TX40>Standard view for sorting order 6</Q5TX40>
        <Q5TX15>Std view srt 6</Q5TX15>
        <Q5QTTP>06</Q5QTTP>
        <Q5COID>08</Q5COID>
        <Q5FLDI>F1PK07</Q5FLDI>
        <Q5FLTY>A</Q5FLTY>
        <Q5MSID>WPK07C0</Q5MSID>
        <Q5FLDL>00030</Q5FLDL>
        <Q5FLLU>00000</Q5FLLU>
        <Q5FNDC>0</Q5FNDC>
        <Q5UNDC></Q5UNDC>
        <Q5ECDE></Q5ECDE>
        <Q5ECDU></Q5ECDU>
        <Q5SMFL>0</Q5SMFL>
        <Q5MXAV>0000000000000</Q5MXAV>
        <Q5SUMA>0</Q5SUMA>
        <Q5OMAX>0</Q5OMAX>
        <Q5SOSQ>000</Q5SOSQ>
        <Q5FDCA></Q5FDCA>
        <Q5DCNY>0</Q5DCNY>
        <Q5UDCN></Q5UDCN>
        <Q5EDFL>0</Q5EDFL>
        <Q5AGDR>00</Q5AGDR>
        <Q5AGUR>0</Q5AGUR>
        <Q5SUBR>0</Q5SUBR>
        <Q5DTFR></Q5DTFR>
        <Q5DCFM></Q5DCFM>
        <Q5DDBX>0</Q5DDBX>
        <Q5ATRA>0</Q5ATRA></Fields></Add>
    <Delete>
      <APIProgram>CRS022MI</APIProgram>
      <Transaction>DelSortOrder</Transaction>
      <Fields>
        <Q2PGNM>CMS100</Q2PGNM>
        <Q2QTTP>01</Q2QTTP>
        <Q2IBCA>V_SCRIPT2</Q2IBCA></Fields></Delete>
    <Add>
      <APIProgram>CRS022MI</APIProgram>
      <Transaction>AddSortOrder</Transaction>
      <Fields>
        <Q0PGNM>CMS100</Q0PGNM>
        <Q0QTTP>01</Q0QTTP>
        <Q0TX40>Table, Prim key 1, Prim key 2, Prim key</Q0TX40>
        <Q0TX15>Table, Key 1</Q0TX15>
        <Q0FILE>CUGEX1</Q0FILE>
        <Q0SOPT>00</Q0SOPT>
        <Q0NFTR>0</Q0NFTR>
        <Q0PAV1>STD01-00</Q0PAV1>
        <Q0AGGR>0</Q0AGGR>
        <Q0SOZ1>00</Q0SOZ1>
        <Q0SOZ2>00</Q0SOZ2>
        <Q0SOZ3>00</Q0SOZ3>
        <Q0SOZ4>00</Q0SOZ4>
        <Q0SOZ5>00</Q0SOZ5>
        <Q0SOZ6>00</Q0SOZ6>
        <Q0IBCA>V_SCRIPT2</Q0IBCA>
        <Q0SNDI>0</Q0SNDI>
        <Q0CHNF>0</Q0CHNF>
        <Q0CHAG>0</Q0CHAG>
        <Q0AGRG>0</Q0AGRG>
        <Q0MXRE>000000</Q0MXRE>
        <Q0JNSO>0</Q0JNSO>
        <Q0SUB1>00</Q0SUB1>
        <Q0SUB2>00</Q0SUB2>
        <Q0SUB3>00</Q0SUB3>
        <Q0HLAL>0</Q0HLAL>
        <Q0SDSN>0</Q0SDSN></Fields></Add>
    <Delete>
      <APIProgram>CRS022MI</APIProgram>
      <Transaction>DelSortOrder</Transaction>
      <Fields>
        <Q2PGNM>CMS100</Q2PGNM>
        <Q2QTTP>02</Q2QTTP>
        <Q2IBCA>V_SCRIPT2</Q2IBCA></Fields></Delete>
    <Add>
      <APIProgram>CRS022MI</APIProgram>
      <Transaction>AddSortOrder</Transaction>
      <Fields>
        <Q0PGNM>CMS100</Q0PGNM>
        <Q0QTTP>02</Q0QTTP>
        <Q0TX40>Table, Prim key 2, Prim key 1, Prim key</Q0TX40>
        <Q0TX15>Table, Key 2</Q0TX15>
        <Q0FILE>CUGEX1</Q0FILE>
        <Q0SOPT>10</Q0SOPT>
        <Q0NFTR>0</Q0NFTR>
        <Q0PAV1>STD02-00</Q0PAV1>
        <Q0AGGR>0</Q0AGGR>
        <Q0SOZ1>00</Q0SOZ1>
        <Q0SOZ2>00</Q0SOZ2>
        <Q0SOZ3>00</Q0SOZ3>
        <Q0SOZ4>00</Q0SOZ4>
        <Q0SOZ5>00</Q0SOZ5>
        <Q0SOZ6>00</Q0SOZ6>
        <Q0IBCA>V_SCRIPT2</Q0IBCA>
        <Q0SNDI>0</Q0SNDI>
        <Q0CHNF>0</Q0CHNF>
        <Q0CHAG>0</Q0CHAG>
        <Q0AGRG>0</Q0AGRG>
        <Q0MXRE>000000</Q0MXRE>
        <Q0JNSO>0</Q0JNSO>
        <Q0SUB1>00</Q0SUB1>
        <Q0SUB2>00</Q0SUB2>
        <Q0SUB3>00</Q0SUB3>
        <Q0HLAL>0</Q0HLAL>
        <Q0SDSN>0</Q0SDSN></Fields></Add>
    <Delete>
      <APIProgram>CRS022MI</APIProgram>
      <Transaction>DelSortOrder</Transaction>
      <Fields>
        <Q2PGNM>CMS100</Q2PGNM>
        <Q2QTTP>03</Q2QTTP>
        <Q2IBCA>V_SCRIPT2</Q2IBCA></Fields></Delete>
    <Add>
      <APIProgram>CRS022MI</APIProgram>
      <Transaction>AddSortOrder</Transaction>
      <Fields>
        <Q0PGNM>CMS100</Q0PGNM>
        <Q0QTTP>03</Q0QTTP>
        <Q0TX40>Table, Prim key 3, Prim key 1, Prim key</Q0TX40>
        <Q0TX15>Table, Key 3</Q0TX15>
        <Q0FILE>CUGEX1</Q0FILE>
        <Q0SOPT>20</Q0SOPT>
        <Q0NFTR>0</Q0NFTR>
        <Q0PAV1>STD03-00</Q0PAV1>
        <Q0AGGR>0</Q0AGGR>
        <Q0SOZ1>00</Q0SOZ1>
        <Q0SOZ2>00</Q0SOZ2>
        <Q0SOZ3>00</Q0SOZ3>
        <Q0SOZ4>00</Q0SOZ4>
        <Q0SOZ5>00</Q0SOZ5>
        <Q0SOZ6>00</Q0SOZ6>
        <Q0IBCA>V_SCRIPT2</Q0IBCA>
        <Q0SNDI>0</Q0SNDI>
        <Q0CHNF>0</Q0CHNF>
        <Q0CHAG>0</Q0CHAG>
        <Q0AGRG>0</Q0AGRG>
        <Q0MXRE>000000</Q0MXRE>
        <Q0JNSO>0</Q0JNSO>
        <Q0SUB1>00</Q0SUB1>
        <Q0SUB2>00</Q0SUB2>
        <Q0SUB3>00</Q0SUB3>
        <Q0HLAL>0</Q0HLAL>
        <Q0SDSN>0</Q0SDSN></Fields></Add>
    <Delete>
      <APIProgram>CRS022MI</APIProgram>
      <Transaction>DelSortOrder</Transaction>
      <Fields>
        <Q2PGNM>CMS100</Q2PGNM>
        <Q2QTTP>04</Q2QTTP>
        <Q2IBCA>V_SCRIPT2</Q2IBCA></Fields></Delete>
    <Add>
      <APIProgram>CRS022MI</APIProgram>
      <Transaction>AddSortOrder</Transaction>
      <Fields>
        <Q0PGNM>CMS100</Q0PGNM>
        <Q0QTTP>04</Q0QTTP>
        <Q0TX40>Table, Prim key 4, Prim key 1, Prim key</Q0TX40>
        <Q0TX15>Table, Key 4</Q0TX15>
        <Q0FILE>CUGEX1</Q0FILE>
        <Q0SOPT>30</Q0SOPT>
        <Q0NFTR>0</Q0NFTR>
        <Q0PAV1>STD04-00</Q0PAV1>
        <Q0AGGR>0</Q0AGGR>
        <Q0SOZ1>00</Q0SOZ1>
        <Q0SOZ2>00</Q0SOZ2>
        <Q0SOZ3>00</Q0SOZ3>
        <Q0SOZ4>00</Q0SOZ4>
        <Q0SOZ5>00</Q0SOZ5>
        <Q0SOZ6>00</Q0SOZ6>
        <Q0IBCA>V_SCRIPT2</Q0IBCA>
        <Q0SNDI>0</Q0SNDI>
        <Q0CHNF>0</Q0CHNF>
        <Q0CHAG>0</Q0CHAG>
        <Q0AGRG>0</Q0AGRG>
        <Q0MXRE>000000</Q0MXRE>
        <Q0JNSO>0</Q0JNSO>
        <Q0SUB1>00</Q0SUB1>
        <Q0SUB2>00</Q0SUB2>
        <Q0SUB3>00</Q0SUB3>
        <Q0HLAL>0</Q0HLAL>
        <Q0SDSN>0</Q0SDSN></Fields></Add>
    <Delete>
      <APIProgram>CRS022MI</APIProgram>
      <Transaction>DelSortOrder</Transaction>
      <Fields>
        <Q2PGNM>CMS100</Q2PGNM>
        <Q2QTTP>05</Q2QTTP>
        <Q2IBCA>V_SCRIPT2</Q2IBCA></Fields></Delete>
    <Add>
      <APIProgram>CRS022MI</APIProgram>
      <Transaction>AddSortOrder</Transaction>
      <Fields>
        <Q0PGNM>CMS100</Q0PGNM>
        <Q0QTTP>05</Q0QTTP>
        <Q0TX40>Table, Prim key 1, Prim key 2, Prim key</Q0TX40>
        <Q0TX15>Table, Key 1</Q0TX15>
        <Q0FILE>CUGEX1</Q0FILE>
        <Q0SOPT>X1</Q0SOPT>
        <Q0NFTR>0</Q0NFTR>
        <Q0PAV1>STD05-00</Q0PAV1>
        <Q0AGGR>0</Q0AGGR>
        <Q0SOZ1>00</Q0SOZ1>
        <Q0SOZ2>00</Q0SOZ2>
        <Q0SOZ3>00</Q0SOZ3>
        <Q0SOZ4>00</Q0SOZ4>
        <Q0SOZ5>00</Q0SOZ5>
        <Q0SOZ6>00</Q0SOZ6>
        <Q0IBCA>V_SCRIPT2</Q0IBCA>
        <Q0SNDI>0</Q0SNDI>
        <Q0CHNF>0</Q0CHNF>
        <Q0CHAG>0</Q0CHAG>
        <Q0AGRG>0</Q0AGRG>
        <Q0MXRE>000000</Q0MXRE>
        <Q0JNSO>0</Q0JNSO>
        <Q0SUB1>00</Q0SUB1>
        <Q0SUB2>00</Q0SUB2>
        <Q0SUB3>00</Q0SUB3>
        <Q0HLAL>0</Q0HLAL>
        <Q0SDSN>0</Q0SDSN></Fields></Add>
    <Delete>
      <APIProgram>CRS022MI</APIProgram>
      <Transaction>DelSortOrder</Transaction>
      <Fields>
        <Q2PGNM>CMS100</Q2PGNM>
        <Q2QTTP>06</Q2QTTP>
        <Q2IBCA>V_SCRIPT2</Q2IBCA></Fields></Delete>
    <Add>
      <APIProgram>CRS022MI</APIProgram>
      <Transaction>AddSortOrder</Transaction>
      <Fields>
        <Q0PGNM>CMS100</Q0PGNM>
        <Q0QTTP>06</Q0QTTP>
        <Q0TX40>Table, Prim key 1, Prim key 2, Prim key</Q0TX40>
        <Q0TX15>Table, Key 1</Q0TX15>
        <Q0FILE>CUGEX1</Q0FILE>
        <Q0SOPT>X2</Q0SOPT>
        <Q0NFTR>0</Q0NFTR>
        <Q0PAV1>STD06-00</Q0PAV1>
        <Q0AGGR>0</Q0AGGR>
        <Q0SOZ1>00</Q0SOZ1>
        <Q0SOZ2>00</Q0SOZ2>
        <Q0SOZ3>00</Q0SOZ3>
        <Q0SOZ4>00</Q0SOZ4>
        <Q0SOZ5>00</Q0SOZ5>
        <Q0SOZ6>00</Q0SOZ6>
        <Q0IBCA>V_SCRIPT2</Q0IBCA>
        <Q0SNDI>0</Q0SNDI>
        <Q0CHNF>0</Q0CHNF>
        <Q0CHAG>0</Q0CHAG>
        <Q0AGRG>0</Q0AGRG>
        <Q0MXRE>000000</Q0MXRE>
        <Q0JNSO>0</Q0JNSO>
        <Q0SUB1>00</Q0SUB1>
        <Q0SUB2>00</Q0SUB2>
        <Q0SUB3>00</Q0SUB3>
        <Q0HLAL>0</Q0HLAL>
        <Q0SDSN>0</Q0SDSN></Fields></Add></Content>
  <Dependencies/></M3_Customer_List_Group_Content>